Batch_ID,Machine_ID,Temperature,Pressure,Machine_Speed,Raw_Material_Batch,Operator_Shift,Defect_Status
B001,M01,96.0,5.47,966.0,RM016,Evening,1
B001,M01,83.18,5.44,1293.0,RM016,Evening,1
B001,M01,92.95,4.52,1305.0,RM016,Evening,0
B001,M01,88.76,4.79,1158.0,RM016,Evening,0
B001,M01,107.13,4.8,1139.0,RM016,Evening,1
B001,M01,83.28,4.59,1278.0,RM016,Evening,0
B001,M01,84.68,5.12,1214.0,RM016,Evening,1
B001,M01,90.54,5.14,1276.0,RM016,Evening,0
B001,M01,87.8,5.75,1096.0,RM016,Evening,0
B001,M01,94.69,5.36,1295.0,RM016,Evening,0
B001,M01,79.79,4.43,1090.0,RM016,Evening,0
B001,M01,91.27,5.31,,RM016,Evening,1
B001,M01,80.43,5.24,1144.0,RM016,Evening,0
B001,M01,89.21,4.79,1190.0,RM016,Evening,0
B001,M01,93.2,4.55,1155.0,RM016,Evening,0
B001,M01,88.36,4.52,1159.0,RM016,Evening,0
B001,M01,85.25,4.28,1209.0,RM016,Evening,0
B001,M01,88.09,4.49,1222.0,RM016,Evening,1
B001,M01,101.71,4.41,1123.0,RM016,Evening,0
B001,M01,88.22,4.26,1078.0,RM016,Evening,0
B001,M01,93.32,4.51,944.0,RM016,Evening,0
B001,M01,88.87,5.53,1219.0,RM016,Evening,0
B001,M01,89.57,5.88,1216.0,RM016,Evening,1
B001,M01,84.2,6.06,1101.0,RM016,Evening,1
B001,M01,88.75,4.98,1121.0,RM016,Evening,0
B001,M01,91.38,5.79,1219.0,RM016,Evening,0
B001,M01,86.71,5.55,1251.0,RM016,Evening,1
B001,M01,103.21,5.86,1178.0,RM016,Evening,1
B001,M01,82.84,5.32,,RM016,Evening,1
B001,M01,90.72,5.32,954.0,RM016,Evening,1
B001,M01,87.33,5.46,1041.0,RM016,Evening,0
B001,M01,87.38,5.5,1265.0,RM016,Evening,1
B001,M01,91.94,5.09,1070.0,RM016,Evening,0
B001,M01,83.17,,1024.0,RM016,Evening,0
B001,M01,84.77,3.93,1180.0,RM016,Evening,0
B001,M01,82.99,4.95,989.0,RM016,Evening,0
B001,M01,104.7,6.45,1059.0,RM016,Evening,1
B001,M01,88.04,5.39,1252.0,RM016,Evening,1
B001,M01,87.87,5.12,1133.0,RM016,Evening,0
B001,M01,90.43,5.0,1113.0,RM016,Evening,1
B001,M01,102.59,5.19,1108.0,RM016,Evening,0
B001,M01,92.1,5.24,991.0,RM016,Evening,0
B001,M01,92.11,5.03,1165.0,RM016,Evening,0
B001,M01,69.47,4.88,1221.0,RM016,Evening,0
B001,M01,103.82,4.23,1304.0,RM016,Evening,1
B001,M01,100.4,5.29,1408.0,RM016,Evening,0
B001,M01,96.62,4.85,1208.0,RM016,Evening,0
B001,M01,88.47,5.59,1290.0,RM016,Evening,1
B001,M01,80.62,4.74,1381.0,RM016,Evening,1
B001,M01,80.27,4.66,1237.0,RM016,Evening,0
B002,M03,88.31,5.81,952.0,RM015,Night,1
B002,M03,87.95,5.42,1131.0,RM015,Night,0
B002,M03,87.16,4.57,1182.0,RM015,Night,0
B002,M03,84.0,5.74,1111.0,RM015,Night,0
B002,M03,95.63,5.43,1301.0,RM015,Night,1
B002,M03,97.83,4.77,1213.0,RM015,Night,0
B002,M03,78.65,5.22,1263.0,RM015,Night,0
B002,M03,81.23,5.23,1284.0,RM015,Night,1
B002,M03,86.83,5.27,1115.0,RM015,Night,0
B002,M03,89.17,4.87,1186.0,RM015,Night,0
B002,M03,66.33,4.66,1290.0,RM015,Night,0
B002,M03,84.45,5.68,1211.0,RM015,Night,0
B002,M03,82.14,5.4,1406.0,RM015,Night,1
B002,M03,83.95,4.08,1311.0,RM015,Night,0
B002,M03,88.42,4.91,1239.0,RM015,Night,0
B002,M03,93.54,4.83,1334.0,RM015,Night,0
B002,M03,101.62,5.03,1219.0,RM015,Night,0
B002,M03,87.51,4.58,1009.0,RM015,Night,0
B002,M03,100.5,5.55,1085.0,RM015,Night,0
B002,M03,89.95,4.83,1328.0,RM015,Night,0
B002,M03,96.47,5.05,1270.0,RM015,Night,0
B002,M03,78.19,5.33,1330.0,RM015,Night,0
B002,M03,92.48,4.08,1160.0,RM015,Night,0
B002,M03,79.24,4.25,844.0,RM015,Night,0
B002,M03,88.72,,1164.0,RM015,Night,0
B002,M03,90.35,4.66,1308.0,RM015,Night,0
B002,M03,83.47,5.7,1147.0,RM015,Night,0
B002,M03,82.11,4.53,1146.0,RM015,Night,0
B002,M03,94.18,3.8,1106.0,RM015,Night,0
B002,M03,82.97,4.92,1224.0,RM015,Night,0
B002,M03,89.45,5.15,1444.0,RM015,Night,0
B002,M03,75.04,4.56,1192.0,RM015,Night,0
B002,M03,90.92,4.92,1122.0,RM015,Night,1
B002,M03,87.1,4.55,1223.0,RM015,Night,0
B002,M03,87.91,3.8,1061.0,RM015,Night,0
B002,M03,75.59,4.58,1228.0,RM015,Night,0
B002,M03,71.79,4.36,1149.0,RM015,Night,0
B002,M03,89.12,4.71,1353.0,RM015,Night,0
B002,M03,88.58,4.16,1265.0,RM015,Night,0
B002,M03,78.55,4.36,1286.0,RM015,Night,0
B002,M03,,5.13,1126.0,RM015,Night,0
B002,M03,76.68,3.79,1393.0,RM015,Night,0
B002,M03,82.71,4.91,1066.0,RM015,Night,0
B002,M03,101.42,5.09,1160.0,RM015,Night,0
B002,M03,71.15,5.08,1153.0,RM015,Night,1
B002,M03,89.7,5.16,1096.0,RM015,Night,0
B002,M03,84.86,4.55,1159.0,RM015,Night,0
B002,M03,80.82,3.72,1294.0,RM015,Night,0
B002,M03,87.79,6.19,1250.0,RM015,Night,0
B002,M03,95.01,4.74,1148.0,RM015,Night,0
B003,M02,83.03,5.48,930.0,RM020,Night,1
B003,M02,77.68,4.9,1334.0,RM020,Night,1
B003,M02,77.19,4.54,,RM020,Night,1
B003,M02,76.72,4.99,1175.0,RM020,Night,0
B003,M02,76.82,4.95,1335.0,RM020,Night,0
B003,M02,87.26,5.38,1063.0,RM020,Night,1
B003,M02,83.5,5.14,1219.0,RM020,Night,0
B003,M02,93.01,,1078.0,RM020,Night,0
B003,M02,89.13,4.81,1093.0,RM020,Night,0
B003,M02,99.28,5.57,1089.0,RM020,Night,1
B003,M02,,5.37,,RM020,Night,1
B003,M02,74.76,5.84,1407.0,RM020,Night,1
B003,M02,86.62,4.45,,RM020,Night,1
B003,M02,99.38,5.45,1201.0,RM020,Night,0
B003,M02,83.79,4.63,1050.0,RM020,Night,1
B003,M02,92.97,5.53,1323.0,RM020,Night,0
B003,M02,88.03,5.64,1332.0,RM020,Night,0
B003,M02,83.38,4.71,1230.0,RM020,Night,0
B003,M02,86.95,5.14,1063.0,RM020,Night,0
B003,M02,75.7,3.94,977.0,RM020,Night,0
B003,M02,63.62,5.2,1387.0,RM020,Night,0
B003,M02,,5.71,1420.0,RM020,Night,0
B003,M02,84.25,5.07,1244.0,RM020,Night,0
B003,M02,82.11,4.76,1309.0,RM020,Night,1
B003,M02,88.4,4.03,1280.0,RM020,Night,0
B003,M02,79.45,5.42,1039.0,RM020,Night,1
B003,M02,76.94,5.36,1208.0,RM020,Night,0
B003,M02,84.17,4.99,1227.0,RM020,Night,1
B003,M02,87.31,5.62,1148.0,RM020,Night,0
B003,M02,81.73,5.02,1163.0,RM020,Night,0
B003,M02,72.71,5.19,1212.0,RM020,Night,1
B003,M02,83.2,4.36,1208.0,RM020,Night,0
B003,M02,80.02,5.49,1339.0,RM020,Night,0
B003,M02,69.95,4.84,1096.0,RM020,Night,0
B003,M02,83.64,5.21,1172.0,RM020,Night,0
B003,M02,98.18,5.15,1271.0,RM020,Night,1
B003,M02,86.69,5.44,1259.0,RM020,Night,1
B003,M02,61.56,5.19,762.0,RM020,Night,0
B003,M02,79.3,5.69,1142.0,RM020,Night,0
B003,M02,,4.5,1187.0,RM020,Night,1
B003,M02,92.39,5.02,1166.0,RM020,Night,0
B003,M02,76.67,5.55,1151.0,RM020,Night,0
B003,M02,86.84,5.37,1245.0,RM020,Night,0
B003,M02,89.83,4.85,1142.0,RM020,Night,0
B003,M02,84.12,5.18,1292.0,RM020,Night,0
B003,M02,79.17,4.79,1276.0,RM020,Night,0
B003,M02,91.05,5.19,1052.0,RM020,Night,0
B003,M02,76.83,5.03,1167.0,RM020,Night,0
B003,M02,88.28,5.31,947.0,RM020,Night,0
B003,M02,93.36,,1224.0,RM020,Night,0
B004,M04,80.54,5.4,1281.0,RM020,Evening,0
B004,M04,78.9,4.57,1135.0,RM020,Evening,0
B004,M04,83.37,5.05,1493.0,RM020,Evening,0
B004,M04,85.95,5.22,1182.0,RM020,Evening,0
B004,M04,84.52,4.46,1255.0,RM020,Evening,1
B004,M04,83.17,4.2,1090.0,RM020,Evening,0
B004,M04,96.48,5.12,1182.0,RM020,Evening,0
B004,M04,73.82,4.23,1278.0,RM020,Evening,0
B004,M04,86.44,4.67,1347.0,RM020,Evening,0
B004,M04,94.04,5.31,1272.0,RM020,Evening,0
B004,M04,78.64,5.65,1301.0,RM020,Evening,0
B004,M04,85.82,5.04,1336.0,RM020,Evening,1
B004,M04,85.02,4.63,1172.0,RM020,Evening,0
B004,M04,83.05,3.95,1093.0,RM020,Evening,0
B004,M04,95.31,5.03,1204.0,RM020,Evening,0
B004,M04,68.99,4.73,1202.0,RM020,Evening,0
B004,M04,93.24,5.09,1316.0,RM020,Evening,0
B004,M04,85.01,5.74,906.0,RM020,Evening,0
B004,M04,72.94,4.51,,RM020,Evening,1
B004,M04,75.81,4.05,1186.0,RM020,Evening,0
B004,M04,86.19,5.18,1250.0,RM020,Evening,1
B004,M04,84.91,4.31,1162.0,RM020,Evening,0
B004,M04,93.06,4.87,1290.0,RM020,Evening,0
B004,M04,96.88,4.47,1041.0,RM020,Evening,0
B004,M04,79.61,4.64,1094.0,RM020,Evening,0
B004,M04,83.51,4.64,882.0,RM020,Evening,0
B004,M04,95.6,4.98,1355.0,RM020,Evening,0
B004,M04,90.83,4.71,1267.0,RM020,Evening,0
B004,M04,85.69,5.16,1105.0,RM020,Evening,1
B004,M04,95.22,4.5,1402.0,RM020,Evening,0
B004,M04,70.54,4.91,1013.0,RM020,Evening,0
B004,M04,79.2,4.69,1293.0,RM020,Evening,0
B004,M04,85.78,5.4,1146.0,RM020,Evening,0
B004,M04,90.2,5.3,1384.0,RM020,Evening,0
B004,M04,85.19,,1394.0,RM020,Evening,0
B004,M04,68.89,5.4,1207.0,RM020,Evening,0
B004,M04,91.59,5.08,1147.0,RM020,Evening,0
B004,M04,72.4,4.67,1061.0,RM020,Evening,1
B004,M04,89.91,5.38,1170.0,RM020,Evening,0
B004,M04,82.22,4.41,1297.0,RM020,Evening,0
B004,M04,83.38,5.19,1022.0,RM020,Evening,0
B004,M04,72.5,5.11,1316.0,RM020,Evening,0
B004,M04,69.98,4.46,1305.0,RM020,Evening,1
B004,M04,90.26,6.36,1174.0,RM020,Evening,0
B004,M04,76.74,6.15,1239.0,RM020,Evening,1
B004,M04,89.5,4.35,1242.0,RM020,Evening,0
B004,M04,81.72,4.87,1155.0,RM020,Evening,0
B004,M04,88.02,4.44,1359.0,RM020,Evening,0
B004,M04,88.24,4.2,1197.0,RM020,Evening,0
B004,M04,96.79,5.61,856.0,RM020,Evening,0
B005,M01,92.69,4.54,1119.0,RM002,Night,1
B005,M01,104.9,5.3,1178.0,RM002,Night,1
B005,M01,88.37,4.75,1130.0,RM002,Night,0
B005,M01,94.11,4.79,1468.0,RM002,Night,1
B005,M01,107.83,5.5,1317.0,RM002,Night,1
B005,M01,101.21,5.09,1091.0,RM002,Night,1
B005,M01,87.83,4.54,1096.0,RM002,Night,0
B005,M01,66.36,4.38,1335.0,RM002,Night,1
B005,M01,88.85,5.15,1479.0,RM002,Night,1
B005,M01,94.08,4.95,1153.0,RM002,Night,0
B005,M01,104.28,5.18,1316.0,RM002,Night,0
B005,M01,90.32,4.36,1037.0,RM002,Night,1
B005,M01,89.89,3.87,1177.0,RM002,Night,1
B005,M01,103.65,5.22,1268.0,RM002,Night,1
B005,M01,97.02,4.31,1239.0,RM002,Night,0
B005,M01,81.43,4.82,1068.0,RM002,Night,0
B005,M01,85.47,4.69,1359.0,RM002,Night,1
B005,M01,89.65,6.0,1216.0,RM002,Night,1
B005,M01,76.54,5.11,1114.0,RM002,Night,0
B005,M01,68.0,4.88,1177.0,RM002,Night,1
B005,M01,72.92,5.31,1267.0,RM002,Night,1
B005,M01,82.32,5.37,998.0,RM002,Night,1
B005,M01,91.9,4.95,1364.0,RM002,Night,1
B005,M01,93.16,4.22,1113.0,RM002,Night,0
B005,M01,84.17,5.39,1297.0,RM002,Night,0
B005,M01,80.83,4.53,1124.0,RM002,Night,0
B005,M01,90.2,4.89,1241.0,RM002,Night,1
B005,M01,98.23,3.89,1241.0,RM002,Night,1
B005,M01,89.05,4.19,919.0,RM002,Night,0
B005,M01,78.72,4.91,1112.0,RM002,Night,0
B005,M01,102.62,4.47,1193.0,RM002,Night,1
B005,M01,100.86,5.25,1223.0,RM002,Night,1
B005,M01,89.66,5.04,1119.0,RM002,Night,0
B005,M01,83.92,5.29,1206.0,RM002,Night,0
B005,M01,71.25,5.8,1245.0,RM002,Night,0
B005,M01,89.86,5.14,1330.0,RM002,Night,0
B005,M01,78.23,5.25,910.0,RM002,Night,0
B005,M01,99.36,4.91,1117.0,RM002,Night,0
B005,M01,88.11,4.22,1247.0,RM002,Night,0
B005,M01,81.2,4.95,1416.0,RM002,Night,0
B005,M01,92.26,4.65,1189.0,RM002,Night,0
B005,M01,77.08,,1244.0,RM002,Night,0
B005,M01,85.7,5.61,1123.0,RM002,Night,0
B005,M01,96.98,4.73,1011.0,RM002,Night,1
B005,M01,93.28,,1485.0,RM002,Night,0
B005,M01,91.13,3.84,1228.0,RM002,Night,1
B005,M01,88.69,4.71,927.0,RM002,Night,0
B005,M01,85.33,4.74,1273.0,RM002,Night,1
B005,M01,105.38,5.56,1212.0,RM002,Night,0
B005,M01,89.27,4.98,1174.0,RM002,Night,0
B006,M01,83.44,5.06,1153.0,RM002,Morning,0
B006,M01,83.8,4.71,1238.0,RM002,Morning,0
B006,M01,84.75,4.72,1332.0,RM002,Morning,0
B006,M01,90.56,4.41,1107.0,RM002,Morning,0
B006,M01,80.27,5.42,1090.0,RM002,Morning,0
B006,M01,90.58,4.35,1405.0,RM002,Morning,0
B006,M01,81.03,5.73,1297.0,RM002,Morning,0
B006,M01,99.7,5.55,1009.0,RM002,Morning,1
B006,M01,92.19,4.85,978.0,RM002,Morning,0
B006,M01,86.46,4.98,1253.0,RM002,Morning,1
B006,M01,93.82,5.0,1205.0,RM002,Morning,1
B006,M01,89.94,5.09,1145.0,RM002,Morning,0
B006,M01,73.14,5.38,1347.0,RM002,Morning,0
B006,M01,102.47,4.56,1173.0,RM002,Morning,0
B006,M01,94.63,5.04,1226.0,RM002,Morning,0
B006,M01,90.09,5.44,1020.0,RM002,Morning,0
B006,M01,86.92,5.33,1123.0,RM002,Morning,1
B006,M01,84.46,4.92,1325.0,RM002,Morning,0
B006,M01,,5.51,1235.0,RM002,Morning,0
B006,M01,91.88,5.44,1133.0,RM002,Morning,0
B006,M01,95.84,5.9,1371.0,RM002,Morning,0
B006,M01,90.81,4.0,1232.0,RM002,Morning,0
B006,M01,98.2,4.61,1064.0,RM002,Morning,0
B006,M01,93.62,4.78,1071.0,RM002,Morning,1
B006,M01,94.95,4.42,1204.0,RM002,Morning,0
B006,M01,94.08,5.28,850.0,RM002,Morning,0
B006,M01,87.46,4.27,1069.0,RM002,Morning,0
B006,M01,80.46,4.71,1078.0,RM002,Morning,0
B006,M01,83.09,5.65,1038.0,RM002,Morning,1
B006,M01,83.59,4.36,1211.0,RM002,Morning,1
B006,M01,83.98,4.55,1095.0,RM002,Morning,0
B006,M01,84.77,5.11,1077.0,RM002,Morning,1
B006,M01,91.31,4.68,1167.0,RM002,Morning,1
B006,M01,89.29,4.78,1296.0,RM002,Morning,0
B006,M01,,5.38,973.0,RM002,Morning,0
B006,M01,85.52,,1170.0,RM002,Morning,0
B006,M01,83.55,,1247.0,RM002,Morning,0
B006,M01,93.14,5.15,1189.0,RM002,Morning,0
B006,M01,93.47,,1031.0,RM002,Morning,0
B006,M01,95.01,4.37,1413.0,RM002,Morning,0
B006,M01,91.27,4.99,1121.0,RM002,Morning,0
B006,M01,91.04,4.97,1040.0,RM002,Morning,0
B006,M01,86.18,5.65,1141.0,RM002,Morning,1
B006,M01,86.3,5.5,1081.0,RM002,Morning,0
B006,M01,83.89,4.31,1081.0,RM002,Morning,0
B006,M01,96.13,4.39,1339.0,RM002,Morning,0
B006,M01,86.06,4.09,1128.0,RM002,Morning,1
B006,M01,93.04,,1179.0,RM002,Morning,1
B006,M01,87.26,4.3,963.0,RM002,Morning,1
B006,M01,89.72,5.03,,RM002,Morning,1
B007,M02,91.22,4.95,1144.0,RM016,Evening,0
B007,M02,86.05,5.41,1211.0,RM016,Evening,1
B007,M02,97.35,5.13,994.0,RM016,Evening,0
B007,M02,96.21,4.48,1104.0,RM016,Evening,0
B007,M02,86.59,5.24,1169.0,RM016,Evening,0
B007,M02,89.44,5.02,1103.0,RM016,Evening,0
B007,M02,80.81,5.21,1328.0,RM016,Evening,0
B007,M02,78.61,4.82,1230.0,RM016,Evening,0
B007,M02,82.34,6.35,1247.0,RM016,Evening,0
B007,M02,82.08,5.06,1192.0,RM016,Evening,0
B007,M02,89.81,5.17,1103.0,RM016,Evening,1
B007,M02,95.41,5.32,1273.0,RM016,Evening,0
B007,M02,80.07,4.57,1071.0,RM016,Evening,0
B007,M02,88.85,5.25,1272.0,RM016,Evening,1
B007,M02,76.98,4.13,1202.0,RM016,Evening,0
B007,M02,90.81,4.53,1080.0,RM016,Evening,0
B007,M02,85.11,4.89,1102.0,RM016,Evening,0
B007,M02,93.65,4.85,1145.0,RM016,Evening,0
B007,M02,92.84,5.65,1413.0,RM016,Evening,0
B007,M02,79.81,4.26,1211.0,RM016,Evening,0
B007,M02,86.87,5.08,1270.0,RM016,Evening,0
B007,M02,74.7,5.79,1089.0,RM016,Evening,0
B007,M02,82.56,5.61,1103.0,RM016,Evening,1
B007,M02,72.34,4.63,1193.0,RM016,Evening,0
B007,M02,65.95,5.52,1058.0,RM016,Evening,0
B007,M02,65.98,4.61,1217.0,RM016,Evening,1
B007,M02,83.29,4.08,1145.0,RM016,Evening,1
B007,M02,86.01,3.47,1047.0,RM016,Evening,0
B007,M02,85.11,5.55,1233.0,RM016,Evening,0
B007,M02,92.77,4.21,1254.0,RM016,Evening,0
B007,M02,92.42,,1110.0,RM016,Evening,0
B007,M02,62.9,4.78,1244.0,RM016,Evening,0
B007,M02,87.09,5.41,1234.0,RM016,Evening,0
B007,M02,82.69,5.2,1468.0,RM016,Evening,0
B007,M02,85.09,3.81,1262.0,RM016,Evening,0
B007,M02,,4.22,1231.0,RM016,Evening,0
B007,M02,91.68,5.52,1301.0,RM016,Evening,1
B007,M02,91.49,4.52,1179.0,RM016,Evening,0
B007,M02,89.97,4.98,1224.0,RM016,Evening,0
B007,M02,94.67,5.79,1388.0,RM016,Evening,0
B007,M02,96.84,5.56,1153.0,RM016,Evening,1
B007,M02,84.08,5.8,1157.0,RM016,Evening,0
B007,M02,84.31,4.86,1295.0,RM016,Evening,0
B007,M02,72.13,5.33,1335.0,RM016,Evening,0
B007,M02,87.47,4.56,1061.0,RM016,Evening,0
B007,M02,81.43,5.49,1234.0,RM016,Evening,0
B007,M02,71.82,5.15,1157.0,RM016,Evening,0
B007,M02,71.38,4.28,1333.0,RM016,Evening,0
B007,M02,66.38,4.07,1166.0,RM016,Evening,0
B007,M02,101.86,4.71,1198.0,RM016,Evening,0
B008,M06,83.06,4.52,1082.0,RM018,Evening,0
B008,M06,89.57,4.51,1289.0,RM018,Evening,0
B008,M06,91.15,5.41,1136.0,RM018,Evening,0
B008,M06,85.72,5.5,1127.0,RM018,Evening,0
B008,M06,83.76,4.41,1116.0,RM018,Evening,0
B008,M06,85.13,4.77,1148.0,RM018,Evening,0
B008,M06,,5.11,1291.0,RM018,Evening,0
B008,M06,84.71,4.95,1186.0,RM018,Evening,0
B008,M06,86.84,5.0,1298.0,RM018,Evening,0
B008,M06,102.69,4.94,,RM018,Evening,0
B008,M06,93.07,5.24,1346.0,RM018,Evening,0
B008,M06,82.54,4.7,,RM018,Evening,0
B008,M06,85.09,5.72,1267.0,RM018,Evening,0
B008,M06,89.35,4.89,,RM018,Evening,0
B008,M06,93.66,4.73,1338.0,RM018,Evening,0
B008,M06,93.37,4.57,1005.0,RM018,Evening,0
B008,M06,82.44,5.39,1195.0,RM018,Evening,0
B008,M06,89.0,4.16,1187.0,RM018,Evening,0
B008,M06,68.21,5.42,1372.0,RM018,Evening,0
B008,M06,98.46,5.57,1087.0,RM018,Evening,0
B008,M06,103.18,5.32,1377.0,RM018,Evening,0
B008,M06,77.29,5.63,1365.0,RM018,Evening,0
B008,M06,88.68,5.5,1210.0,RM018,Evening,0
B008,M06,102.27,5.23,1286.0,RM018,Evening,0
B008,M06,69.69,5.52,1135.0,RM018,Evening,0
B008,M06,77.82,4.5,1176.0,RM018,Evening,0
B008,M06,80.18,4.8,977.0,RM018,Evening,0
B008,M06,98.26,4.66,1118.0,RM018,Evening,0
B008,M06,95.82,5.73,1102.0,RM018,Evening,0
B008,M06,85.04,5.57,1345.0,RM018,Evening,0
B008,M06,89.71,4.96,1084.0,RM018,Evening,0
B008,M06,80.89,5.15,1487.0,RM018,Evening,0
B008,M06,,4.99,1130.0,RM018,Evening,0
B008,M06,76.93,4.65,1158.0,RM018,Evening,0
B008,M06,82.83,4.99,1121.0,RM018,Evening,0
B008,M06,83.08,5.18,1388.0,RM018,Evening,0
B008,M06,83.23,5.5,1117.0,RM018,Evening,1
B008,M06,95.29,4.05,1046.0,RM018,Evening,0
B008,M06,92.63,5.25,1217.0,RM018,Evening,0
B008,M06,91.68,5.59,1225.0,RM018,Evening,0
B008,M06,84.09,4.97,1285.0,RM018,Evening,0
B008,M06,85.92,5.08,1325.0,RM018,Evening,0
B008,M06,86.44,4.71,1156.0,RM018,Evening,1
B008,M06,75.64,4.35,1407.0,RM018,Evening,0
B008,M06,83.12,6.23,1367.0,RM018,Evening,0
B008,M06,93.16,5.58,1326.0,RM018,Evening,0
B008,M06,88.13,4.8,1006.0,RM018,Evening,0
B008,M06,87.65,5.38,1305.0,RM018,Evening,0
B008,M06,80.66,4.65,981.0,RM018,Evening,0
B008,M06,89.61,4.88,1180.0,RM018,Evening,0
B009,M03,97.04,4.67,1260.0,RM009,Evening,0
B009,M03,84.55,4.71,1146.0,RM009,Evening,0
B009,M03,93.8,5.34,1267.0,RM009,Evening,0
B009,M03,92.76,5.44,1082.0,RM009,Evening,0
B009,M03,87.23,4.31,1124.0,RM009,Evening,1
B009,M03,80.72,4.27,1294.0,RM009,Evening,1
B009,M03,90.41,4.48,1201.0,RM009,Evening,0
B009,M03,104.95,4.54,1318.0,RM009,Evening,0
B009,M03,89.43,5.12,1344.0,RM009,Evening,1
B009,M03,90.85,4.67,1075.0,RM009,Evening,0
B009,M03,83.76,5.72,1364.0,RM009,Evening,1
B009,M03,86.01,4.83,1093.0,RM009,Evening,0
B009,M03,76.31,4.37,1261.0,RM009,Evening,0
B009,M03,,4.46,973.0,RM009,Evening,0
B009,M03,78.35,5.2,1237.0,RM009,Evening,0
B009,M03,87.43,5.26,1217.0,RM009,Evening,0
B009,M03,84.25,4.67,1121.0,RM009,Evening,0
B009,M03,91.47,4.72,1031.0,RM009,Evening,0
B009,M03,94.14,5.01,1056.0,RM009,Evening,0
B009,M03,67.12,5.18,1433.0,RM009,Evening,1
B009,M03,79.22,5.11,1047.0,RM009,Evening,0
B009,M03,87.21,4.32,1163.0,RM009,Evening,0
B009,M03,78.96,3.63,988.0,RM009,Evening,1
B009,M03,95.12,5.01,1165.0,RM009,Evening,0
B009,M03,90.81,5.58,1060.0,RM009,Evening,0
B009,M03,67.97,4.49,1264.0,RM009,Evening,0
B009,M03,84.78,5.15,1112.0,RM009,Evening,0
B009,M03,101.25,4.98,1323.0,RM009,Evening,0
B009,M03,87.54,4.61,1185.0,RM009,Evening,1
B009,M03,83.44,5.13,1041.0,RM009,Evening,0
B009,M03,86.78,5.69,1277.0,RM009,Evening,0
B009,M03,78.87,,1480.0,RM009,Evening,0
B009,M03,100.73,4.23,1168.0,RM009,Evening,0
B009,M03,90.92,6.18,1158.0,RM009,Evening,0
B009,M03,79.95,5.53,1245.0,RM009,Evening,0
B009,M03,97.01,5.2,1109.0,RM009,Evening,0
B009,M03,74.13,4.58,1233.0,RM009,Evening,0
B009,M03,93.73,5.24,1217.0,RM009,Evening,0
B009,M03,84.05,4.56,1141.0,RM009,Evening,0
B009,M03,92.11,5.71,1320.0,RM009,Evening,0
B009,M03,75.89,4.78,1143.0,RM009,Evening,0
B009,M03,104.77,5.09,1165.0,RM009,Evening,0
B009,M03,78.24,5.43,1225.0,RM009,Evening,0
B009,M03,84.93,4.14,1049.0,RM009,Evening,1
B009,M03,80.82,4.76,1289.0,RM009,Evening,0
B009,M03,94.91,4.67,1312.0,RM009,Evening,0
B009,M03,79.75,6.01,1271.0,RM009,Evening,0
B009,M03,84.43,5.02,1291.0,RM009,Evening,1
B009,M03,94.72,5.81,1294.0,RM009,Evening,1
B009,M03,78.41,4.38,1240.0,RM009,Evening,0
B010,M03,84.66,5.21,1113.0,RM012,Night,1
B010,M03,80.01,4.74,1065.0,RM012,Night,0
B010,M03,83.49,6.52,1173.0,RM012,Night,0
B010,M03,84.09,5.89,1229.0,RM012,Night,0
B010,M03,80.13,4.61,1521.0,RM012,Night,1
B010,M03,89.37,5.28,1281.0,RM012,Night,0
B010,M03,77.66,4.41,1328.0,RM012,Night,0
B010,M03,70.91,5.43,1221.0,RM012,Night,1
B010,M03,79.3,5.28,1283.0,RM012,Night,0
B010,M03,74.1,4.29,1101.0,RM012,Night,0
B010,M03,74.59,4.9,1323.0,RM012,Night,0
B010,M03,93.84,5.21,1159.0,RM012,Night,0
B010,M03,85.33,4.97,1284.0,RM012,Night,0
B010,M03,94.67,6.12,1320.0,RM012,Night,0
B010,M03,87.04,4.7,1090.0,RM012,Night,1
B010,M03,73.38,4.78,1381.0,RM012,Night,0
B010,M03,93.78,5.37,1309.0,RM012,Night,0
B010,M03,87.07,5.24,1240.0,RM012,Night,0
B010,M03,94.2,4.98,,RM012,Night,0
B010,M03,98.15,4.56,1160.0,RM012,Night,0
B010,M03,81.08,5.2,870.0,RM012,Night,0
B010,M03,82.39,4.91,1155.0,RM012,Night,0
B010,M03,78.87,4.8,1409.0,RM012,Night,0
B010,M03,93.07,4.32,1329.0,RM012,Night,1
B010,M03,81.04,5.28,1130.0,RM012,Night,0
B010,M03,86.21,5.28,1447.0,RM012,Night,0
B010,M03,88.88,5.35,1079.0,RM012,Night,0
B010,M03,,5.54,1304.0,RM012,Night,1
B010,M03,72.15,4.84,1220.0,RM012,Night,0
B010,M03,85.51,4.66,1169.0,RM012,Night,0
B010,M03,85.45,4.86,1170.0,RM012,Night,0
B010,M03,91.11,5.84,1294.0,RM012,Night,0
B010,M03,89.31,4.54,1208.0,RM012,Night,0
B010,M03,63.37,4.69,,RM012,Night,0
B010,M03,86.72,4.54,1258.0,RM012,Night,0
B010,M03,86.0,4.87,,RM012,Night,1
B010,M03,90.0,,1084.0,RM012,Night,0
B010,M03,79.65,4.96,1251.0,RM012,Night,0
B010,M03,76.41,4.14,1105.0,RM012,Night,0
B010,M03,82.92,4.07,1141.0,RM012,Night,0
B010,M03,72.87,4.38,1285.0,RM012,Night,0
B010,M03,84.68,3.9,957.0,RM012,Night,0
B010,M03,85.92,,1216.0,RM012,Night,0
B010,M03,77.17,6.41,1245.0,RM012,Night,0
B010,M03,72.16,5.7,1159.0,RM012,Night,0
B010,M03,85.8,4.86,1431.0,RM012,Night,0
B010,M03,93.85,4.84,,RM012,Night,0
B010,M03,90.63,5.97,1287.0,RM012,Night,0
B010,M03,83.18,5.39,1212.0,RM012,Night,0
B010,M03,101.51,5.68,972.0,RM012,Night,0
B011,M02,74.53,5.31,943.0,RM006,Morning,0
B011,M02,92.11,5.49,1357.0,RM006,Morning,0
B011,M02,85.72,4.88,1055.0,RM006,Morning,0
B011,M02,84.67,5.5,1330.0,RM006,Morning,0
B011,M02,90.09,4.4,1219.0,RM006,Morning,0
B011,M02,76.71,5.26,1033.0,RM006,Morning,0
B011,M02,87.85,4.85,1254.0,RM006,Morning,0
B011,M02,85.32,4.84,1010.0,RM006,Morning,0
B011,M02,72.68,4.94,1387.0,RM006,Morning,0
B011,M02,74.31,5.47,1160.0,RM006,Morning,0
B011,M02,83.77,5.2,1168.0,RM006,Morning,0
B011,M02,89.55,4.63,1058.0,RM006,Morning,0
B011,M02,83.31,5.2,1270.0,RM006,Morning,0
B011,M02,83.64,5.69,1401.0,RM006,Morning,0
B011,M02,90.81,5.39,1244.0,RM006,Morning,0
B011,M02,87.72,5.09,1267.0,RM006,Morning,1
B011,M02,84.51,5.15,1444.0,RM006,Morning,0
B011,M02,84.6,5.67,1416.0,RM006,Morning,0
B011,M02,80.43,4.11,1368.0,RM006,Morning,0
B011,M02,85.56,5.4,1002.0,RM006,Morning,0
B011,M02,78.88,4.71,1144.0,RM006,Morning,0
B011,M02,94.53,4.65,1242.0,RM006,Morning,0
B011,M02,93.42,4.97,1443.0,RM006,Morning,0
B011,M02,90.81,5.6,1122.0,RM006,Morning,0
B011,M02,95.69,5.12,1038.0,RM006,Morning,0
B011,M02,82.81,4.26,1371.0,RM006,Morning,0
B011,M02,87.05,5.43,1286.0,RM006,Morning,1
B011,M02,77.74,5.0,1202.0,RM006,Morning,0
B011,M02,72.34,5.0,1068.0,RM006,Morning,0
B011,M02,89.54,4.03,1037.0,RM006,Morning,0
B011,M02,85.64,4.68,1267.0,RM006,Morning,0
B011,M02,75.3,5.21,1515.0,RM006,Morning,0
B011,M02,74.42,5.64,1105.0,RM006,Morning,0
B011,M02,84.6,4.55,,RM006,Morning,0
B011,M02,89.78,4.93,1167.0,RM006,Morning,1
B011,M02,,4.57,1292.0,RM006,Morning,0
B011,M02,90.57,5.47,1309.0,RM006,Morning,0
B011,M02,87.26,5.12,1112.0,RM006,Morning,0
B011,M02,81.43,4.76,1385.0,RM006,Morning,0
B011,M02,71.33,5.32,1536.0,RM006,Morning,0
B011,M02,95.39,4.86,1124.0,RM006,Morning,0
B011,M02,83.41,4.36,1248.0,RM006,Morning,0
B011,M02,89.72,4.97,1340.0,RM006,Morning,0
B011,M02,81.48,4.33,1250.0,RM006,Morning,0
B011,M02,88.68,4.96,974.0,RM006,Morning,1
B011,M02,,4.39,,RM006,Morning,0
B011,M02,97.39,4.81,1287.0,RM006,Morning,0
B011,M02,76.56,5.42,1194.0,RM006,Morning,0
B011,M02,92.86,3.69,1100.0,RM006,Morning,0
B011,M02,82.56,4.74,1171.0,RM006,Morning,0
B012,M05,97.48,4.85,1315.0,RM011,Evening,0
B012,M05,82.95,5.43,1228.0,RM011,Evening,0
B012,M05,83.58,4.61,1372.0,RM011,Evening,0
B012,M05,83.64,4.31,1189.0,RM011,Evening,0
B012,M05,84.25,6.37,1304.0,RM011,Evening,0
B012,M05,82.21,5.05,975.0,RM011,Evening,0
B012,M05,75.28,5.36,1058.0,RM011,Evening,0
B012,M05,98.31,5.16,1268.0,RM011,Evening,0
B012,M05,74.77,5.2,1065.0,RM011,Evening,0
B012,M05,96.25,5.16,1348.0,RM011,Evening,0
B012,M05,82.9,4.64,1054.0,RM011,Evening,0
B012,M05,72.21,4.32,1415.0,RM011,Evening,0
B012,M05,72.82,4.88,1006.0,RM011,Evening,0
B012,M05,73.03,5.68,1491.0,RM011,Evening,0
B012,M05,82.47,4.67,1227.0,RM011,Evening,0
B012,M05,90.33,5.01,1307.0,RM011,Evening,0
B012,M05,76.55,5.38,1242.0,RM011,Evening,0
B012,M05,88.76,5.03,1378.0,RM011,Evening,0
B012,M05,90.62,5.62,1194.0,RM011,Evening,0
B012,M05,79.18,6.19,1192.0,RM011,Evening,0
B012,M05,78.92,5.49,1125.0,RM011,Evening,0
B012,M05,81.36,4.88,1104.0,RM011,Evening,0
B012,M05,72.49,5.11,1228.0,RM011,Evening,0
B012,M05,,5.37,1293.0,RM011,Evening,0
B012,M05,78.55,4.69,1065.0,RM011,Evening,0
B012,M05,76.73,4.85,1117.0,RM011,Evening,0
B012,M05,79.8,4.37,1230.0,RM011,Evening,0
B012,M05,82.54,4.84,1256.0,RM011,Evening,1
B012,M05,90.5,5.86,1221.0,RM011,Evening,0
B012,M05,85.04,5.1,1243.0,RM011,Evening,0
B012,M05,79.85,5.32,1180.0,RM011,Evening,0
B012,M05,89.76,4.64,1219.0,RM011,Evening,0
B012,M05,85.74,4.92,1196.0,RM011,Evening,0
B012,M05,80.47,4.91,1207.0,RM011,Evening,0
B012,M05,89.58,5.19,,RM011,Evening,0
B012,M05,93.51,4.67,1125.0,RM011,Evening,0
B012,M05,84.25,3.89,1174.0,RM011,Evening,0
B012,M05,78.4,3.69,1142.0,RM011,Evening,0
B012,M05,85.62,4.81,1323.0,RM011,Evening,0
B012,M05,91.04,6.14,1207.0,RM011,Evening,0
B012,M05,89.4,5.41,1252.0,RM011,Evening,0
B012,M05,99.8,4.82,1293.0,RM011,Evening,0
B012,M05,89.47,5.28,1123.0,RM011,Evening,0
B012,M05,92.8,4.65,1112.0,RM011,Evening,0
B012,M05,90.97,4.96,1321.0,RM011,Evening,0
B012,M05,78.87,5.17,1191.0,RM011,Evening,0
B012,M05,76.93,5.15,1182.0,RM011,Evening,0
B012,M05,96.36,4.08,1211.0,RM011,Evening,1
B012,M05,96.64,5.19,1099.0,RM011,Evening,0
B012,M05,93.42,5.23,1040.0,RM011,Evening,0
B013,M03,76.81,4.95,1260.0,RM006,Evening,0
B013,M03,77.94,4.63,1071.0,RM006,Evening,0
B013,M03,78.71,5.6,1210.0,RM006,Evening,0
B013,M03,88.2,4.82,1113.0,RM006,Evening,1
B013,M03,76.97,5.64,1099.0,RM006,Evening,0
B013,M03,78.53,4.01,,RM006,Evening,0
B013,M03,92.1,5.56,1159.0,RM006,Evening,0
B013,M03,84.04,5.69,1345.0,RM006,Evening,0
B013,M03,89.34,6.64,1057.0,RM006,Evening,0
B013,M03,79.65,5.45,1339.0,RM006,Evening,0
B013,M03,89.8,5.1,1227.0,RM006,Evening,0
B013,M03,76.03,4.58,1074.0,RM006,Evening,0
B013,M03,89.01,4.69,1376.0,RM006,Evening,0
B013,M03,78.68,5.49,992.0,RM006,Evening,0
B013,M03,93.95,4.77,1304.0,RM006,Evening,0
B013,M03,94.26,4.91,1047.0,RM006,Evening,0
B013,M03,81.9,5.38,1171.0,RM006,Evening,0
B013,M03,91.38,4.77,1151.0,RM006,Evening,0
B013,M03,88.31,4.78,1011.0,RM006,Evening,0
B013,M03,,4.67,1401.0,RM006,Evening,0
B013,M03,80.24,5.01,1200.0,RM006,Evening,0
B013,M03,,,1205.0,RM006,Evening,0
B013,M03,80.66,4.53,1563.0,RM006,Evening,0
B013,M03,77.53,4.78,1325.0,RM006,Evening,0
B013,M03,75.46,5.76,1323.0,RM006,Evening,0
B013,M03,85.23,4.88,955.0,RM006,Evening,0
B013,M03,87.87,4.55,929.0,RM006,Evening,0
B013,M03,85.71,4.27,1077.0,RM006,Evening,0
B013,M03,100.64,5.18,1241.0,RM006,Evening,0
B013,M03,88.59,4.91,1184.0,RM006,Evening,0
B013,M03,99.17,5.44,936.0,RM006,Evening,0
B013,M03,100.56,5.16,1257.0,RM006,Evening,0
B013,M03,89.89,4.19,1392.0,RM006,Evening,0
B013,M03,75.7,5.13,1208.0,RM006,Evening,0
B013,M03,81.28,4.66,1386.0,RM006,Evening,0
B013,M03,84.56,4.15,1371.0,RM006,Evening,0
B013,M03,78.07,5.62,1237.0,RM006,Evening,0
B013,M03,73.63,4.65,1080.0,RM006,Evening,0
B013,M03,73.05,4.97,1001.0,RM006,Evening,0
B013,M03,91.78,4.79,1298.0,RM006,Evening,0
B013,M03,84.7,4.49,,RM006,Evening,0
B013,M03,85.05,,1170.0,RM006,Evening,0
B013,M03,80.03,4.87,1131.0,RM006,Evening,1
B013,M03,80.06,5.49,1265.0,RM006,Evening,0
B013,M03,87.38,4.62,1414.0,RM006,Evening,0
B013,M03,80.87,5.38,1247.0,RM006,Evening,0
B013,M03,85.47,4.68,1403.0,RM006,Evening,0
B013,M03,77.77,4.63,1084.0,RM006,Evening,0
B013,M03,86.92,4.75,1021.0,RM006,Evening,0
B013,M03,97.81,5.37,1079.0,RM006,Evening,1
B014,M05,79.01,5.05,1315.0,RM010,Evening,1
B014,M05,76.55,5.16,1183.0,RM010,Evening,0
B014,M05,86.51,4.65,1372.0,RM010,Evening,0
B014,M05,84.94,5.18,1090.0,RM010,Evening,0
B014,M05,87.18,4.07,1084.0,RM010,Evening,0
B014,M05,94.94,5.07,1102.0,RM010,Evening,0
B014,M05,99.25,5.81,1243.0,RM010,Evening,0
B014,M05,82.55,5.32,1112.0,RM010,Evening,0
B014,M05,60.42,5.09,1277.0,RM010,Evening,0
B014,M05,98.14,5.16,1253.0,RM010,Evening,0
B014,M05,81.18,5.38,1158.0,RM010,Evening,0
B014,M05,88.74,5.25,1380.0,RM010,Evening,0
B014,M05,97.37,5.12,1165.0,RM010,Evening,0
B014,M05,82.12,5.17,1342.0,RM010,Evening,0
B014,M05,89.46,4.94,1223.0,RM010,Evening,0
B014,M05,85.78,6.0,1149.0,RM010,Evening,0
B014,M05,76.98,6.37,1271.0,RM010,Evening,0
B014,M05,99.72,5.19,1135.0,RM010,Evening,0
B014,M05,72.48,4.55,1059.0,RM010,Evening,0
B014,M05,81.23,4.7,1382.0,RM010,Evening,0
B014,M05,78.32,4.97,1108.0,RM010,Evening,0
B014,M05,,4.78,,RM010,Evening,1
B014,M05,77.44,4.19,1157.0,RM010,Evening,0
B014,M05,95.43,5.4,1422.0,RM010,Evening,0
B014,M05,89.47,5.08,1233.0,RM010,Evening,0
B014,M05,76.24,5.81,1212.0,RM010,Evening,0
B014,M05,74.73,4.25,1177.0,RM010,Evening,0
B014,M05,79.06,,1243.0,RM010,Evening,0
B014,M05,91.34,4.76,982.0,RM010,Evening,0
B014,M05,82.21,4.6,1266.0,RM010,Evening,0
B014,M05,80.33,5.82,,RM010,Evening,0
B014,M05,77.75,4.97,1157.0,RM010,Evening,0
B014,M05,87.6,4.84,1181.0,RM010,Evening,0
B014,M05,84.97,4.61,,RM010,Evening,0
B014,M05,84.16,4.96,1177.0,RM010,Evening,0
B014,M05,71.01,5.43,1230.0,RM010,Evening,0
B014,M05,86.35,5.43,1082.0,RM010,Evening,0
B014,M05,97.85,5.6,1244.0,RM010,Evening,0
B014,M05,86.6,3.67,1159.0,RM010,Evening,0
B014,M05,74.55,4.96,1204.0,RM010,Evening,0
B014,M05,85.54,4.22,1042.0,RM010,Evening,0
B014,M05,60.12,5.37,1188.0,RM010,Evening,0
B014,M05,88.61,4.78,1149.0,RM010,Evening,0
B014,M05,92.79,4.77,1041.0,RM010,Evening,0
B014,M05,85.54,4.81,1198.0,RM010,Evening,0
B014,M05,83.82,5.29,1035.0,RM010,Evening,0
B014,M05,91.06,4.67,1146.0,RM010,Evening,0
B014,M05,69.42,4.46,1103.0,RM010,Evening,0
B014,M05,94.6,5.2,1222.0,RM010,Evening,1
B014,M05,91.95,5.45,1276.0,RM010,Evening,0
B015,M05,83.12,5.61,1024.0,RM018,Night,0
B015,M05,89.76,5.33,1261.0,RM018,Night,0
B015,M05,102.23,5.05,1057.0,RM018,Night,0
B015,M05,81.45,5.47,1269.0,RM018,Night,0
B015,M05,79.97,4.86,1253.0,RM018,Night,0
B015,M05,94.43,5.28,1024.0,RM018,Night,0
B015,M05,89.92,5.63,1237.0,RM018,Night,0
B015,M05,86.46,6.05,,RM018,Night,1
B015,M05,78.8,5.25,1243.0,RM018,Night,0
B015,M05,84.59,5.14,1317.0,RM018,Night,0
B015,M05,73.68,5.56,1344.0,RM018,Night,0
B015,M05,77.71,5.87,1264.0,RM018,Night,0
B015,M05,90.6,4.52,1244.0,RM018,Night,0
B015,M05,100.12,5.69,1243.0,RM018,Night,0
B015,M05,84.38,4.09,1335.0,RM018,Night,0
B015,M05,77.77,4.67,1275.0,RM018,Night,0
B015,M05,81.72,4.45,1160.0,RM018,Night,0
B015,M05,63.09,4.78,1126.0,RM018,Night,0
B015,M05,89.69,5.1,995.0,RM018,Night,0
B015,M05,87.21,4.75,1299.0,RM018,Night,1
B015,M05,88.43,5.54,1159.0,RM018,Night,0
B015,M05,82.6,4.65,1251.0,RM018,Night,0
B015,M05,78.48,5.15,1294.0,RM018,Night,0
B015,M05,87.81,4.79,1088.0,RM018,Night,0
B015,M05,93.75,4.8,1075.0,RM018,Night,0
B015,M05,91.6,4.06,,RM018,Night,0
B015,M05,73.23,5.36,1107.0,RM018,Night,0
B015,M05,88.01,4.1,945.0,RM018,Night,0
B015,M05,84.98,5.51,1250.0,RM018,Night,1
B015,M05,84.86,,1153.0,RM018,Night,1
B015,M05,77.19,4.89,1165.0,RM018,Night,0
B015,M05,94.76,4.76,1194.0,RM018,Night,0
B015,M05,88.32,5.03,1302.0,RM018,Night,1
B015,M05,83.23,5.36,1357.0,RM018,Night,0
B015,M05,87.44,5.24,1039.0,RM018,Night,1
B015,M05,103.49,4.53,1077.0,RM018,Night,1
B015,M05,85.29,4.59,1307.0,RM018,Night,0
B015,M05,83.12,5.01,1295.0,RM018,Night,1
B015,M05,79.34,5.33,1221.0,RM018,Night,0
B015,M05,96.85,5.24,1365.0,RM018,Night,0
B015,M05,85.1,4.32,1135.0,RM018,Night,0
B015,M05,88.75,4.91,856.0,RM018,Night,0
B015,M05,97.68,4.62,1200.0,RM018,Night,0
B015,M05,95.83,5.33,1095.0,RM018,Night,0
B015,M05,84.57,4.26,1394.0,RM018,Night,0
B015,M05,76.2,5.51,1468.0,RM018,Night,0
B015,M05,101.48,4.91,1454.0,RM018,Night,0
B015,M05,84.36,4.97,1560.0,RM018,Night,0
B015,M05,91.02,5.06,1075.0,RM018,Night,0
B015,M05,96.3,5.47,1209.0,RM018,Night,1
B016,M04,77.51,4.41,1002.0,RM019,Evening,0
B016,M04,74.31,5.19,1289.0,RM019,Evening,0
B016,M04,78.74,5.6,1306.0,RM019,Evening,0
B016,M04,88.14,5.51,1246.0,RM019,Evening,0
B016,M04,91.94,4.21,1135.0,RM019,Evening,1
B016,M04,87.69,4.63,1178.0,RM019,Evening,0
B016,M04,93.44,5.07,1589.0,RM019,Evening,0
B016,M04,96.41,5.85,1377.0,RM019,Evening,0
B016,M04,73.1,5.12,1263.0,RM019,Evening,0
B016,M04,84.16,4.25,960.0,RM019,Evening,0
B016,M04,80.05,5.3,1121.0,RM019,Evening,0
B016,M04,100.8,4.24,1246.0,RM019,Evening,0
B016,M04,77.44,4.62,1311.0,RM019,Evening,0
B016,M04,104.42,,1375.0,RM019,Evening,0
B016,M04,78.87,4.6,1319.0,RM019,Evening,0
B016,M04,82.51,5.68,1286.0,RM019,Evening,0
B016,M04,84.79,5.54,1291.0,RM019,Evening,0
B016,M04,,4.67,1099.0,RM019,Evening,0
B016,M04,89.21,5.28,1247.0,RM019,Evening,0
B016,M04,76.52,5.4,1307.0,RM019,Evening,0
B016,M04,85.97,3.99,1190.0,RM019,Evening,0
B016,M04,84.76,4.72,,RM019,Evening,1
B016,M04,91.94,4.03,1193.0,RM019,Evening,0
B016,M04,100.39,4.84,1235.0,RM019,Evening,0
B016,M04,99.26,5.38,1237.0,RM019,Evening,1
B016,M04,84.9,4.84,1170.0,RM019,Evening,0
B016,M04,88.03,5.76,1338.0,RM019,Evening,0
B016,M04,97.84,4.29,1006.0,RM019,Evening,0
B016,M04,94.41,4.12,1343.0,RM019,Evening,0
B016,M04,,5.58,1010.0,RM019,Evening,0
B016,M04,95.3,4.73,1311.0,RM019,Evening,0
B016,M04,82.93,4.39,1313.0,RM019,Evening,0
B016,M04,79.99,4.66,1212.0,RM019,Evening,0
B016,M04,76.31,5.51,1087.0,RM019,Evening,0
B016,M04,88.87,5.0,1040.0,RM019,Evening,0
B016,M04,72.18,4.98,1356.0,RM019,Evening,0
B016,M04,76.76,4.64,1268.0,RM019,Evening,0
B016,M04,89.46,4.92,1072.0,RM019,Evening,0
B016,M04,96.81,5.19,1311.0,RM019,Evening,0
B016,M04,87.15,4.47,1094.0,RM019,Evening,0
B016,M04,80.74,5.01,1370.0,RM019,Evening,1
B016,M04,77.11,,1169.0,RM019,Evening,0
B016,M04,87.82,4.7,1271.0,RM019,Evening,1
B016,M04,76.27,4.63,1209.0,RM019,Evening,0
B016,M04,88.41,5.2,1201.0,RM019,Evening,1
B016,M04,81.74,4.8,1209.0,RM019,Evening,0
B016,M04,90.12,4.6,1302.0,RM019,Evening,1
B016,M04,83.18,4.98,1114.0,RM019,Evening,0
B016,M04,75.76,4.55,935.0,RM019,Evening,0
B016,M04,89.82,4.4,1192.0,RM019,Evening,0
B017,M05,83.74,5.28,1124.0,RM012,Night,1
B017,M05,80.37,4.33,1395.0,RM012,Night,1
B017,M05,89.07,5.67,1054.0,RM012,Night,0
B017,M05,72.49,5.31,1335.0,RM012,Night,0
B017,M05,93.21,5.19,1259.0,RM012,Night,0
B017,M05,80.49,5.39,1178.0,RM012,Night,0
B017,M05,88.15,5.23,1238.0,RM012,Night,0
B017,M05,98.52,5.67,1276.0,RM012,Night,0
B017,M05,85.81,5.11,1256.0,RM012,Night,0
B017,M05,91.17,4.8,1187.0,RM012,Night,0
B017,M05,86.52,5.33,998.0,RM012,Night,0
B017,M05,92.8,4.11,1281.0,RM012,Night,0
B017,M05,92.5,5.0,918.0,RM012,Night,0
B017,M05,81.71,4.07,1283.0,RM012,Night,0
B017,M05,78.23,4.2,1205.0,RM012,Night,0
B017,M05,80.61,4.91,966.0,RM012,Night,0
B017,M05,86.95,4.87,1234.0,RM012,Night,0
B017,M05,79.83,5.26,1133.0,RM012,Night,1
B017,M05,80.94,4.18,1246.0,RM012,Night,0
B017,M05,81.96,4.56,1081.0,RM012,Night,0
B017,M05,77.83,5.91,1158.0,RM012,Night,0
B017,M05,86.99,4.8,1127.0,RM012,Night,0
B017,M05,85.16,4.5,1227.0,RM012,Night,0
B017,M05,91.94,3.43,,RM012,Night,0
B017,M05,81.3,5.52,1257.0,RM012,Night,0
B017,M05,86.21,5.1,995.0,RM012,Night,0
B017,M05,85.26,5.69,1205.0,RM012,Night,0
B017,M05,70.75,5.57,1292.0,RM012,Night,0
B017,M05,91.95,4.09,1020.0,RM012,Night,0
B017,M05,93.94,5.57,,RM012,Night,0
B017,M05,57.73,6.21,,RM012,Night,1
B017,M05,81.1,5.83,1187.0,RM012,Night,1
B017,M05,93.88,6.27,1238.0,RM012,Night,0
B017,M05,82.77,,1058.0,RM012,Night,0
B017,M05,77.7,4.64,1365.0,RM012,Night,0
B017,M05,77.05,5.2,1473.0,RM012,Night,0
B017,M05,73.85,5.35,1334.0,RM012,Night,0
B017,M05,80.5,4.49,1427.0,RM012,Night,0
B017,M05,81.7,5.14,1168.0,RM012,Night,0
B017,M05,86.17,4.9,973.0,RM012,Night,0
B017,M05,80.69,4.45,1225.0,RM012,Night,0
B017,M05,92.41,4.61,1196.0,RM012,Night,0
B017,M05,88.84,5.72,1288.0,RM012,Night,0
B017,M05,93.07,5.54,1278.0,RM012,Night,0
B017,M05,84.83,5.57,1358.0,RM012,Night,1
B017,M05,81.26,5.24,1127.0,RM012,Night,0
B017,M05,,5.09,1494.0,RM012,Night,1
B017,M05,80.98,4.68,1354.0,RM012,Night,1
B017,M05,84.52,5.39,1386.0,RM012,Night,0
B017,M05,91.63,5.85,1440.0,RM012,Night,0
B018,M03,88.47,5.23,1206.0,RM015,Morning,0
B018,M03,86.08,5.86,1171.0,RM015,Morning,0
B018,M03,98.0,5.1,1269.0,RM015,Morning,0
B018,M03,86.1,5.23,1165.0,RM015,Morning,0
B018,M03,74.92,4.52,,RM015,Morning,0
B018,M03,79.46,4.88,1198.0,RM015,Morning,0
B018,M03,86.96,5.31,979.0,RM015,Morning,0
B018,M03,70.41,5.42,1093.0,RM015,Morning,0
B018,M03,70.53,5.21,1175.0,RM015,Morning,0
B018,M03,94.93,4.8,1032.0,RM015,Morning,0
B018,M03,78.61,4.96,1215.0,RM015,Morning,0
B018,M03,84.6,5.65,1200.0,RM015,Morning,0
B018,M03,79.0,5.75,1175.0,RM015,Morning,0
B018,M03,81.15,5.09,1141.0,RM015,Morning,0
B018,M03,77.27,4.27,1227.0,RM015,Morning,0
B018,M03,84.57,5.43,1273.0,RM015,Morning,0
B018,M03,83.49,5.21,,RM015,Morning,0
B018,M03,77.16,5.51,1019.0,RM015,Morning,0
B018,M03,83.83,5.31,1040.0,RM015,Morning,0
B018,M03,67.38,5.17,1394.0,RM015,Morning,0
B018,M03,82.58,5.27,1103.0,RM015,Morning,0
B018,M03,74.24,5.39,1193.0,RM015,Morning,0
B018,M03,79.14,4.8,1056.0,RM015,Morning,0
B018,M03,90.16,4.73,1074.0,RM015,Morning,0
B018,M03,86.24,5.25,1397.0,RM015,Morning,0
B018,M03,77.29,4.46,1040.0,RM015,Morning,0
B018,M03,101.44,4.55,1446.0,RM015,Morning,0
B018,M03,76.19,4.46,1035.0,RM015,Morning,0
B018,M03,86.75,4.36,1160.0,RM015,Morning,0
B018,M03,78.26,5.5,1195.0,RM015,Morning,0
B018,M03,87.46,5.09,1169.0,RM015,Morning,0
B018,M03,83.29,5.07,1116.0,RM015,Morning,0
B018,M03,81.13,4.78,,RM015,Morning,1
B018,M03,73.39,5.39,1259.0,RM015,Morning,0
B018,M03,86.36,5.45,1024.0,RM015,Morning,0
B018,M03,83.91,5.72,1401.0,RM015,Morning,0
B018,M03,81.39,4.74,1119.0,RM015,Morning,0
B018,M03,79.87,4.6,1058.0,RM015,Morning,0
B018,M03,82.16,4.48,1319.0,RM015,Morning,0
B018,M03,97.91,5.27,1280.0,RM015,Morning,1
B018,M03,70.22,4.84,1056.0,RM015,Morning,0
B018,M03,78.86,5.02,887.0,RM015,Morning,0
B018,M03,81.95,5.5,1026.0,RM015,Morning,0
B018,M03,83.63,5.43,1041.0,RM015,Morning,0
B018,M03,83.89,5.42,1266.0,RM015,Morning,0
B018,M03,96.92,4.58,1217.0,RM015,Morning,0
B018,M03,78.81,5.51,1125.0,RM015,Morning,0
B018,M03,92.95,5.1,1291.0,RM015,Morning,0
B018,M03,79.45,5.74,1162.0,RM015,Morning,0
B018,M03,84.76,5.45,1120.0,RM015,Morning,0
B019,M03,83.1,4.91,1042.0,RM013,Morning,1
B019,M03,81.12,5.61,1386.0,RM013,Morning,0
B019,M03,86.93,4.87,1286.0,RM013,Morning,0
B019,M03,75.72,5.01,1066.0,RM013,Morning,0
B019,M03,79.81,5.03,1062.0,RM013,Morning,0
B019,M03,87.99,3.99,1264.0,RM013,Morning,0
B019,M03,98.16,5.49,941.0,RM013,Morning,0
B019,M03,87.25,4.36,1348.0,RM013,Morning,0
B019,M03,96.89,5.05,1133.0,RM013,Morning,0
B019,M03,92.84,4.72,1388.0,RM013,Morning,0
B019,M03,101.78,4.12,1158.0,RM013,Morning,1
B019,M03,85.63,5.28,1411.0,RM013,Morning,0
B019,M03,92.82,4.31,,RM013,Morning,0
B019,M03,84.03,4.78,,RM013,Morning,0
B019,M03,70.73,4.19,980.0,RM013,Morning,0
B019,M03,83.05,4.58,1275.0,RM013,Morning,0
B019,M03,83.12,5.32,1201.0,RM013,Morning,0
B019,M03,97.45,4.91,1297.0,RM013,Morning,0
B019,M03,99.77,4.87,1204.0,RM013,Morning,0
B019,M03,77.46,5.81,1275.0,RM013,Morning,0
B019,M03,86.15,4.11,1282.0,RM013,Morning,1
B019,M03,90.82,4.41,1261.0,RM013,Morning,1
B019,M03,88.37,4.96,1032.0,RM013,Morning,0
B019,M03,94.34,4.37,1077.0,RM013,Morning,0
B019,M03,73.95,4.91,1300.0,RM013,Morning,0
B019,M03,99.06,5.04,1080.0,RM013,Morning,0
B019,M03,,5.95,1189.0,RM013,Morning,0
B019,M03,84.61,5.74,1316.0,RM013,Morning,0
B019,M03,,4.55,1224.0,RM013,Morning,0
B019,M03,92.21,5.55,,RM013,Morning,0
B019,M03,84.27,5.02,1407.0,RM013,Morning,0
B019,M03,91.4,,1161.0,RM013,Morning,1
B019,M03,87.12,4.81,1308.0,RM013,Morning,1
B019,M03,85.62,4.38,1281.0,RM013,Morning,0
B019,M03,86.99,5.08,1080.0,RM013,Morning,0
B019,M03,80.65,4.88,1174.0,RM013,Morning,0
B019,M03,80.52,4.97,1197.0,RM013,Morning,0
B019,M03,76.24,4.98,1214.0,RM013,Morning,0
B019,M03,102.84,5.63,1374.0,RM013,Morning,0
B019,M03,80.53,5.05,1122.0,RM013,Morning,0
B019,M03,83.9,4.04,1025.0,RM013,Morning,0
B019,M03,93.52,5.38,1329.0,RM013,Morning,0
B019,M03,88.01,5.64,919.0,RM013,Morning,0
B019,M03,73.4,5.71,1059.0,RM013,Morning,0
B019,M03,90.2,5.34,1326.0,RM013,Morning,0
B019,M03,62.33,4.52,1201.0,RM013,Morning,0
B019,M03,85.52,5.31,1172.0,RM013,Morning,0
B019,M03,88.69,4.77,1351.0,RM013,Morning,1
B019,M03,75.06,4.65,1350.0,RM013,Morning,1
B019,M03,89.68,4.12,1008.0,RM013,Morning,1
B020,M05,83.87,4.82,1301.0,RM009,Morning,0
B020,M05,98.75,5.39,1346.0,RM009,Morning,0
B020,M05,76.94,5.63,1306.0,RM009,Morning,0
B020,M05,74.25,4.93,1193.0,RM009,Morning,0
B020,M05,84.51,5.03,1402.0,RM009,Morning,0
B020,M05,80.28,4.93,1069.0,RM009,Morning,0
B020,M05,84.08,5.25,1170.0,RM009,Morning,0
B020,M05,81.37,4.33,1209.0,RM009,Morning,0
B020,M05,90.61,5.28,1171.0,RM009,Morning,0
B020,M05,78.71,5.05,1084.0,RM009,Morning,0
B020,M05,76.25,,1365.0,RM009,Morning,0
B020,M05,100.73,6.22,875.0,RM009,Morning,0
B020,M05,91.49,4.94,1091.0,RM009,Morning,0
B020,M05,100.94,4.68,1184.0,RM009,Morning,0
B020,M05,72.85,4.31,1152.0,RM009,Morning,0
B020,M05,96.95,5.91,1170.0,RM009,Morning,0
B020,M05,76.3,4.86,1144.0,RM009,Morning,0
B020,M05,74.4,,1078.0,RM009,Morning,0
B020,M05,97.0,5.6,1151.0,RM009,Morning,0
B020,M05,81.5,5.12,971.0,RM009,Morning,1
B020,M05,73.83,,922.0,RM009,Morning,0
B020,M05,92.35,4.95,1160.0,RM009,Morning,0
B020,M05,93.06,4.7,1080.0,RM009,Morning,0
B020,M05,89.2,5.16,1163.0,RM009,Morning,0
B020,M05,83.85,4.6,1272.0,RM009,Morning,0
B020,M05,98.88,5.77,1306.0,RM009,Morning,0
B020,M05,79.94,5.94,1194.0,RM009,Morning,0
B020,M05,85.24,4.87,1060.0,RM009,Morning,0
B020,M05,97.46,5.58,1196.0,RM009,Morning,0
B020,M05,70.9,4.68,1025.0,RM009,Morning,0
B020,M05,79.21,5.03,1431.0,RM009,Morning,0
B020,M05,81.18,5.53,1185.0,RM009,Morning,0
B020,M05,78.93,5.39,1153.0,RM009,Morning,0
B020,M05,86.98,5.02,1135.0,RM009,Morning,0
B020,M05,76.96,6.17,1327.0,RM009,Morning,0
B020,M05,81.81,4.31,1172.0,RM009,Morning,1
B020,M05,85.12,,1138.0,RM009,Morning,0
B020,M05,,4.97,1161.0,RM009,Morning,0
B020,M05,95.18,5.62,1426.0,RM009,Morning,1
B020,M05,76.94,5.82,1469.0,RM009,Morning,0
B020,M05,85.61,4.86,1258.0,RM009,Morning,0
B020,M05,93.7,4.95,1339.0,RM009,Morning,0
B020,M05,77.99,4.76,1200.0,RM009,Morning,0
B020,M05,81.97,4.89,1219.0,RM009,Morning,0
B020,M05,76.59,4.81,1034.0,RM009,Morning,0
B020,M05,81.98,4.4,1076.0,RM009,Morning,0
B020,M05,88.73,4.58,1291.0,RM009,Morning,0
B020,M05,90.04,4.7,1282.0,RM009,Morning,0
B020,M05,81.66,4.83,,RM009,Morning,0
B020,M05,84.76,4.51,1038.0,RM009,Morning,0
B021,M01,91.52,5.72,1147.0,RM007,Evening,0
B021,M01,83.35,,1133.0,RM007,Evening,0
B021,M01,96.07,5.69,1292.0,RM007,Evening,0
B021,M01,88.36,4.98,1159.0,RM007,Evening,1
B021,M01,103.78,4.89,1255.0,RM007,Evening,0
B021,M01,109.18,5.54,1225.0,RM007,Evening,0
B021,M01,75.06,5.28,1264.0,RM007,Evening,1
B021,M01,86.42,4.39,1069.0,RM007,Evening,0
B021,M01,,4.74,1240.0,RM007,Evening,0
B021,M01,87.52,4.48,1209.0,RM007,Evening,0
B021,M01,88.34,4.62,1285.0,RM007,Evening,1
B021,M01,78.36,4.7,1152.0,RM007,Evening,0
B021,M01,93.91,4.6,1211.0,RM007,Evening,0
B021,M01,77.99,5.02,1379.0,RM007,Evening,1
B021,M01,88.56,5.84,1209.0,RM007,Evening,0
B021,M01,83.44,5.55,1045.0,RM007,Evening,1
B021,M01,86.6,,1269.0,RM007,Evening,1
B021,M01,104.09,5.26,1436.0,RM007,Evening,0
B021,M01,101.96,5.01,1327.0,RM007,Evening,0
B021,M01,93.51,5.47,940.0,RM007,Evening,0
B021,M01,87.07,5.02,1342.0,RM007,Evening,0
B021,M01,92.69,5.61,1325.0,RM007,Evening,1
B021,M01,84.46,4.68,1301.0,RM007,Evening,0
B021,M01,85.63,5.17,1349.0,RM007,Evening,0
B021,M01,99.91,4.34,1268.0,RM007,Evening,0
B021,M01,92.76,5.29,1267.0,RM007,Evening,1
B021,M01,78.05,4.94,1223.0,RM007,Evening,0
B021,M01,91.33,4.18,1242.0,RM007,Evening,0
B021,M01,83.83,4.73,1202.0,RM007,Evening,0
B021,M01,110.06,4.61,1133.0,RM007,Evening,1
B021,M01,82.72,5.45,1175.0,RM007,Evening,0
B021,M01,93.48,4.78,1273.0,RM007,Evening,0
B021,M01,91.7,5.13,1216.0,RM007,Evening,0
B021,M01,92.7,5.01,1293.0,RM007,Evening,0
B021,M01,88.86,4.96,1159.0,RM007,Evening,0
B021,M01,89.14,5.31,1209.0,RM007,Evening,0
B021,M01,91.63,5.3,1126.0,RM007,Evening,0
B021,M01,81.42,5.51,1084.0,RM007,Evening,1
B021,M01,81.9,5.42,1302.0,RM007,Evening,0
B021,M01,83.48,5.64,1292.0,RM007,Evening,1
B021,M01,91.42,4.79,1086.0,RM007,Evening,0
B021,M01,83.0,5.33,1192.0,RM007,Evening,1
B021,M01,79.9,5.27,1088.0,RM007,Evening,1
B021,M01,84.58,5.19,1340.0,RM007,Evening,1
B021,M01,98.79,4.53,1250.0,RM007,Evening,0
B021,M01,93.42,5.45,1140.0,RM007,Evening,1
B021,M01,90.82,4.85,1401.0,RM007,Evening,0
B021,M01,99.46,5.57,1150.0,RM007,Evening,0
B021,M01,85.18,5.31,1423.0,RM007,Evening,0
B021,M01,93.68,4.49,1129.0,RM007,Evening,0
B022,M01,86.42,5.62,1205.0,RM015,Morning,0
B022,M01,85.15,5.53,1413.0,RM015,Morning,0
B022,M01,92.16,4.89,1171.0,RM015,Morning,0
B022,M01,,4.72,,RM015,Morning,0
B022,M01,84.16,4.86,1097.0,RM015,Morning,1
B022,M01,89.87,4.39,1180.0,RM015,Morning,0
B022,M01,101.71,5.42,1358.0,RM015,Morning,0
B022,M01,99.17,5.03,,RM015,Morning,1
B022,M01,103.57,4.49,1142.0,RM015,Morning,0
B022,M01,90.42,5.28,977.0,RM015,Morning,0
B022,M01,100.97,4.95,945.0,RM015,Morning,0
B022,M01,87.11,4.33,1281.0,RM015,Morning,1
B022,M01,89.67,5.04,1147.0,RM015,Morning,0
B022,M01,94.85,4.31,1095.0,RM015,Morning,1
B022,M01,79.23,4.87,1192.0,RM015,Morning,0
B022,M01,88.71,,1224.0,RM015,Morning,0
B022,M01,84.04,5.19,1039.0,RM015,Morning,0
B022,M01,83.89,5.01,1222.0,RM015,Morning,0
B022,M01,87.82,4.05,1130.0,RM015,Morning,0
B022,M01,86.23,5.46,990.0,RM015,Morning,0
B022,M01,79.89,5.11,1182.0,RM015,Morning,0
B022,M01,93.94,4.83,1180.0,RM015,Morning,0
B022,M01,96.02,4.51,938.0,RM015,Morning,1
B022,M01,83.11,4.79,1263.0,RM015,Morning,0
B022,M01,99.98,5.57,1201.0,RM015,Morning,0
B022,M01,87.39,5.17,1376.0,RM015,Morning,1
B022,M01,88.77,5.52,1104.0,RM015,Morning,1
B022,M01,96.72,5.07,1295.0,RM015,Morning,0
B022,M01,99.8,5.32,1077.0,RM015,Morning,0
B022,M01,89.0,5.06,838.0,RM015,Morning,0
B022,M01,88.32,4.92,1040.0,RM015,Morning,0
B022,M01,102.07,4.86,1226.0,RM015,Morning,0
B022,M01,85.56,4.97,1228.0,RM015,Morning,0
B022,M01,83.82,5.49,1054.0,RM015,Morning,0
B022,M01,96.33,4.91,1252.0,RM015,Morning,0
B022,M01,93.8,4.74,1379.0,RM015,Morning,0
B022,M01,87.46,4.67,1020.0,RM015,Morning,0
B022,M01,92.6,4.35,1176.0,RM015,Morning,0
B022,M01,78.85,5.8,1236.0,RM015,Morning,1
B022,M01,95.48,5.07,1280.0,RM015,Morning,0
B022,M01,86.18,5.2,1250.0,RM015,Morning,0
B022,M01,78.33,,1232.0,RM015,Morning,0
B022,M01,85.53,5.23,,RM015,Morning,0
B022,M01,89.84,5.54,1313.0,RM015,Morning,0
B022,M01,95.73,4.51,1058.0,RM015,Morning,0
B022,M01,86.64,4.98,1044.0,RM015,Morning,0
B022,M01,92.03,4.26,1302.0,RM015,Morning,0
B022,M01,80.67,5.92,1198.0,RM015,Morning,0
B022,M01,77.64,4.66,1359.0,RM015,Morning,0
B022,M01,87.87,4.92,1240.0,RM015,Morning,0
B023,M01,98.22,4.08,1154.0,RM012,Evening,0
B023,M01,95.3,4.79,1229.0,RM012,Evening,0
B023,M01,93.65,5.61,936.0,RM012,Evening,0
B023,M01,77.76,4.99,1192.0,RM012,Evening,1
B023,M01,90.27,5.12,1105.0,RM012,Evening,0
B023,M01,98.6,4.93,1117.0,RM012,Evening,0
B023,M01,98.29,4.7,1203.0,RM012,Evening,1
B023,M01,84.99,4.8,1110.0,RM012,Evening,1
B023,M01,84.03,4.24,1229.0,RM012,Evening,1
B023,M01,86.24,4.43,1289.0,RM012,Evening,1
B023,M01,86.05,5.33,1139.0,RM012,Evening,0
B023,M01,86.72,5.88,1061.0,RM012,Evening,0
B023,M01,101.82,4.65,1113.0,RM012,Evening,0
B023,M01,78.83,4.35,1220.0,RM012,Evening,0
B023,M01,88.26,5.74,1278.0,RM012,Evening,0
B023,M01,82.24,5.75,,RM012,Evening,0
B023,M01,85.21,5.28,954.0,RM012,Evening,1
B023,M01,94.98,4.35,1060.0,RM012,Evening,0
B023,M01,73.74,4.99,1237.0,RM012,Evening,0
B023,M01,74.51,5.07,1086.0,RM012,Evening,1
B023,M01,94.43,4.28,1229.0,RM012,Evening,1
B023,M01,98.47,4.95,1067.0,RM012,Evening,1
B023,M01,92.14,4.91,1178.0,RM012,Evening,0
B023,M01,94.78,4.83,1157.0,RM012,Evening,1
B023,M01,99.37,4.4,1131.0,RM012,Evening,1
B023,M01,83.04,5.28,1316.0,RM012,Evening,0
B023,M01,,5.2,1214.0,RM012,Evening,0
B023,M01,95.72,4.69,870.0,RM012,Evening,0
B023,M01,90.13,5.5,1218.0,RM012,Evening,1
B023,M01,88.48,5.58,1148.0,RM012,Evening,0
B023,M01,99.53,4.41,1043.0,RM012,Evening,1
B023,M01,70.91,4.9,1110.0,RM012,Evening,0
B023,M01,78.02,5.3,1276.0,RM012,Evening,0
B023,M01,84.06,5.09,1202.0,RM012,Evening,0
B023,M01,81.81,4.82,1053.0,RM012,Evening,0
B023,M01,89.52,5.53,1177.0,RM012,Evening,0
B023,M01,86.71,5.26,1102.0,RM012,Evening,1
B023,M01,102.17,4.42,1023.0,RM012,Evening,0
B023,M01,89.97,4.76,1154.0,RM012,Evening,0
B023,M01,96.37,4.89,1445.0,RM012,Evening,0
B023,M01,84.06,5.37,1269.0,RM012,Evening,0
B023,M01,87.91,4.92,997.0,RM012,Evening,1
B023,M01,94.67,6.13,1198.0,RM012,Evening,0
B023,M01,77.22,5.01,1106.0,RM012,Evening,0
B023,M01,97.19,4.64,1331.0,RM012,Evening,0
B023,M01,96.15,4.96,1263.0,RM012,Evening,1
B023,M01,94.79,5.02,1150.0,RM012,Evening,1
B023,M01,92.54,4.8,1000.0,RM012,Evening,0
B023,M01,72.46,4.23,1446.0,RM012,Evening,0
B023,M01,95.0,4.59,1391.0,RM012,Evening,0
B024,M04,83.95,5.86,1127.0,RM018,Morning,0
B024,M04,85.06,4.57,1243.0,RM018,Morning,0
B024,M04,82.06,5.07,1123.0,RM018,Morning,0
B024,M04,80.95,6.02,1042.0,RM018,Morning,0
B024,M04,,5.61,1146.0,RM018,Morning,0
B024,M04,83.51,4.16,1249.0,RM018,Morning,0
B024,M04,94.24,5.29,1338.0,RM018,Morning,0
B024,M04,90.97,4.75,1088.0,RM018,Morning,0
B024,M04,86.06,5.26,1236.0,RM018,Morning,0
B024,M04,83.95,4.31,1233.0,RM018,Morning,0
B024,M04,68.46,4.74,1244.0,RM018,Morning,0
B024,M04,87.99,5.44,1226.0,RM018,Morning,0
B024,M04,95.11,5.76,1366.0,RM018,Morning,0
B024,M04,95.22,5.27,1239.0,RM018,Morning,0
B024,M04,96.03,5.82,1285.0,RM018,Morning,0
B024,M04,84.53,5.71,1274.0,RM018,Morning,0
B024,M04,75.43,4.9,1192.0,RM018,Morning,0
B024,M04,,7.01,1283.0,RM018,Morning,0
B024,M04,80.72,4.99,1413.0,RM018,Morning,0
B024,M04,84.61,4.14,1285.0,RM018,Morning,0
B024,M04,90.88,4.74,1100.0,RM018,Morning,0
B024,M04,74.18,5.38,1230.0,RM018,Morning,0
B024,M04,72.82,5.63,1358.0,RM018,Morning,0
B024,M04,74.64,4.52,1277.0,RM018,Morning,0
B024,M04,97.08,5.28,1327.0,RM018,Morning,0
B024,M04,84.69,4.88,1253.0,RM018,Morning,0
B024,M04,93.78,5.17,1078.0,RM018,Morning,0
B024,M04,83.41,4.71,1390.0,RM018,Morning,0
B024,M04,84.75,4.43,1037.0,RM018,Morning,0
B024,M04,84.18,5.24,1051.0,RM018,Morning,0
B024,M04,86.86,4.19,1250.0,RM018,Morning,0
B024,M04,76.44,5.33,1224.0,RM018,Morning,1
B024,M04,93.85,4.68,1220.0,RM018,Morning,0
B024,M04,71.38,5.25,1102.0,RM018,Morning,0
B024,M04,77.67,5.63,1200.0,RM018,Morning,0
B024,M04,88.27,4.45,1068.0,RM018,Morning,0
B024,M04,77.77,5.89,1309.0,RM018,Morning,0
B024,M04,85.84,5.23,1188.0,RM018,Morning,0
B024,M04,81.59,5.12,1249.0,RM018,Morning,0
B024,M04,96.77,5.08,1151.0,RM018,Morning,0
B024,M04,95.47,5.09,1120.0,RM018,Morning,0
B024,M04,86.24,5.29,1111.0,RM018,Morning,0
B024,M04,84.63,5.06,1204.0,RM018,Morning,0
B024,M04,90.33,5.24,1255.0,RM018,Morning,0
B024,M04,77.06,4.84,1285.0,RM018,Morning,0
B024,M04,83.56,5.36,1301.0,RM018,Morning,0
B024,M04,83.46,5.78,1150.0,RM018,Morning,1
B024,M04,82.87,4.74,1147.0,RM018,Morning,0
B024,M04,73.82,5.26,1030.0,RM018,Morning,0
B024,M04,85.98,5.46,1103.0,RM018,Morning,0
B025,M02,90.58,4.93,977.0,RM008,Night,0
B025,M02,83.25,5.12,1107.0,RM008,Night,1
B025,M02,98.06,,1190.0,RM008,Night,0
B025,M02,94.03,4.98,1053.0,RM008,Night,0
B025,M02,87.29,4.58,1029.0,RM008,Night,0
B025,M02,78.94,3.81,938.0,RM008,Night,0
B025,M02,82.61,5.44,1138.0,RM008,Night,0
B025,M02,,4.51,1254.0,RM008,Night,1
B025,M02,,4.1,1144.0,RM008,Night,1
B025,M02,96.65,4.61,1174.0,RM008,Night,0
B025,M02,95.62,4.82,1111.0,RM008,Night,0
B025,M02,79.63,5.25,1063.0,RM008,Night,0
B025,M02,86.17,5.32,1222.0,RM008,Night,1
B025,M02,84.3,5.39,1283.0,RM008,Night,0
B025,M02,92.49,4.91,1323.0,RM008,Night,0
B025,M02,,4.97,1264.0,RM008,Night,0
B025,M02,,5.11,1116.0,RM008,Night,1
B025,M02,76.13,5.49,1189.0,RM008,Night,0
B025,M02,90.67,5.38,1367.0,RM008,Night,1
B025,M02,80.92,4.49,1261.0,RM008,Night,0
B025,M02,76.07,5.19,1136.0,RM008,Night,1
B025,M02,89.85,4.61,1060.0,RM008,Night,0
B025,M02,87.38,5.75,1225.0,RM008,Night,0
B025,M02,85.24,4.89,1212.0,RM008,Night,0
B025,M02,84.06,4.82,1120.0,RM008,Night,1
B025,M02,90.49,4.79,1171.0,RM008,Night,0
B025,M02,85.28,5.1,1110.0,RM008,Night,0
B025,M02,73.24,4.98,1162.0,RM008,Night,1
B025,M02,92.41,4.05,962.0,RM008,Night,0
B025,M02,77.66,5.0,1147.0,RM008,Night,0
B025,M02,83.44,5.28,1278.0,RM008,Night,1
B025,M02,80.39,5.16,1443.0,RM008,Night,0
B025,M02,82.92,5.47,1378.0,RM008,Night,1
B025,M02,99.59,5.1,1230.0,RM008,Night,1
B025,M02,82.18,5.46,1184.0,RM008,Night,0
B025,M02,86.7,4.4,1093.0,RM008,Night,1
B025,M02,76.48,5.23,964.0,RM008,Night,0
B025,M02,85.25,5.82,1401.0,RM008,Night,0
B025,M02,84.09,5.61,1272.0,RM008,Night,0
B025,M02,78.41,5.04,1176.0,RM008,Night,0
B025,M02,86.19,4.86,1248.0,RM008,Night,0
B025,M02,76.18,5.9,1039.0,RM008,Night,0
B025,M02,80.99,4.81,1211.0,RM008,Night,0
B025,M02,85.14,5.52,1357.0,RM008,Night,0
B025,M02,80.42,4.41,1178.0,RM008,Night,1
B025,M02,93.38,4.67,1227.0,RM008,Night,0
B025,M02,92.04,5.87,1130.0,RM008,Night,1
B025,M02,89.45,4.77,1168.0,RM008,Night,1
B025,M02,75.43,5.07,1064.0,RM008,Night,1
B025,M02,87.35,5.09,,RM008,Night,0
B026,M06,81.72,5.02,1290.0,RM008,Morning,0
B026,M06,84.05,4.9,858.0,RM008,Morning,1
B026,M06,90.57,5.7,1197.0,RM008,Morning,0
B026,M06,82.02,5.3,1086.0,RM008,Morning,0
B026,M06,90.13,5.58,1160.0,RM008,Morning,0
B026,M06,85.07,5.6,1128.0,RM008,Morning,0
B026,M06,80.73,,1131.0,RM008,Morning,0
B026,M06,80.32,5.71,1368.0,RM008,Morning,0
B026,M06,82.41,5.48,,RM008,Morning,0
B026,M06,90.33,4.99,1234.0,RM008,Morning,1
B026,M06,96.92,4.72,1266.0,RM008,Morning,0
B026,M06,78.75,,1369.0,RM008,Morning,0
B026,M06,84.98,5.99,1116.0,RM008,Morning,0
B026,M06,82.23,4.65,1370.0,RM008,Morning,0
B026,M06,87.19,5.22,1216.0,RM008,Morning,0
B026,M06,83.38,4.25,998.0,RM008,Morning,1
B026,M06,86.09,4.97,1253.0,RM008,Morning,0
B026,M06,98.12,5.84,1036.0,RM008,Morning,0
B026,M06,87.8,5.08,1366.0,RM008,Morning,1
B026,M06,91.14,5.41,1177.0,RM008,Morning,0
B026,M06,82.89,5.18,1258.0,RM008,Morning,0
B026,M06,99.07,,1189.0,RM008,Morning,0
B026,M06,88.36,4.86,1188.0,RM008,Morning,0
B026,M06,70.74,5.34,999.0,RM008,Morning,0
B026,M06,71.8,5.07,1150.0,RM008,Morning,0
B026,M06,80.4,5.4,1355.0,RM008,Morning,1
B026,M06,96.76,5.62,1256.0,RM008,Morning,0
B026,M06,75.82,5.47,1148.0,RM008,Morning,0
B026,M06,75.83,6.02,1197.0,RM008,Morning,0
B026,M06,96.57,,975.0,RM008,Morning,0
B026,M06,74.2,4.77,1104.0,RM008,Morning,0
B026,M06,97.59,5.25,1415.0,RM008,Morning,0
B026,M06,83.57,5.36,1051.0,RM008,Morning,0
B026,M06,95.4,4.94,1096.0,RM008,Morning,0
B026,M06,98.0,5.09,1320.0,RM008,Morning,0
B026,M06,72.62,4.36,1262.0,RM008,Morning,0
B026,M06,83.28,4.45,,RM008,Morning,0
B026,M06,90.52,5.0,1142.0,RM008,Morning,0
B026,M06,77.05,4.84,1394.0,RM008,Morning,0
B026,M06,75.61,3.74,1191.0,RM008,Morning,0
B026,M06,67.18,4.82,1150.0,RM008,Morning,0
B026,M06,91.9,5.25,999.0,RM008,Morning,0
B026,M06,74.72,4.9,1244.0,RM008,Morning,0
B026,M06,82.32,4.85,1243.0,RM008,Morning,0
B026,M06,75.65,4.44,1397.0,RM008,Morning,0
B026,M06,88.69,5.1,942.0,RM008,Morning,0
B026,M06,67.06,4.5,,RM008,Morning,0
B026,M06,85.06,5.45,1003.0,RM008,Morning,0
B026,M06,76.05,5.05,1062.0,RM008,Morning,0
B026,M06,64.73,4.16,1387.0,RM008,Morning,0
B027,M01,90.57,4.69,1131.0,RM016,Night,1
B027,M01,99.21,4.46,1263.0,RM016,Night,1
B027,M01,90.29,6.2,1371.0,RM016,Night,0
B027,M01,100.96,4.5,1132.0,RM016,Night,0
B027,M01,90.78,4.91,1302.0,RM016,Night,0
B027,M01,87.4,4.53,1256.0,RM016,Night,1
B027,M01,89.04,5.32,1307.0,RM016,Night,1
B027,M01,97.34,5.45,1382.0,RM016,Night,0
B027,M01,93.94,5.53,1131.0,RM016,Night,0
B027,M01,84.54,4.63,1167.0,RM016,Night,0
B027,M01,85.38,4.71,,RM016,Night,0
B027,M01,75.71,4.73,1036.0,RM016,Night,1
B027,M01,101.64,5.23,1109.0,RM016,Night,1
B027,M01,79.06,5.09,1186.0,RM016,Night,0
B027,M01,97.47,4.56,1042.0,RM016,Night,0
B027,M01,93.18,4.01,1122.0,RM016,Night,1
B027,M01,89.74,5.3,1314.0,RM016,Night,0
B027,M01,81.83,4.91,1154.0,RM016,Night,0
B027,M01,97.71,4.1,1244.0,RM016,Night,0
B027,M01,90.65,5.12,1211.0,RM016,Night,0
B027,M01,91.61,5.06,1402.0,RM016,Night,1
B027,M01,99.87,4.85,1399.0,RM016,Night,0
B027,M01,97.38,4.47,1183.0,RM016,Night,1
B027,M01,89.51,5.6,1156.0,RM016,Night,0
B027,M01,102.56,4.61,1093.0,RM016,Night,0
B027,M01,85.65,4.02,1044.0,RM016,Night,0
B027,M01,103.12,6.08,1073.0,RM016,Night,0
B027,M01,86.27,4.86,1087.0,RM016,Night,1
B027,M01,84.71,5.43,1344.0,RM016,Night,0
B027,M01,91.2,4.75,1151.0,RM016,Night,0
B027,M01,83.83,4.39,1102.0,RM016,Night,0
B027,M01,105.79,3.89,1256.0,RM016,Night,0
B027,M01,91.38,4.63,1274.0,RM016,Night,1
B027,M01,88.14,4.92,1356.0,RM016,Night,0
B027,M01,,4.54,1049.0,RM016,Night,0
B027,M01,94.58,5.02,1370.0,RM016,Night,0
B027,M01,89.53,4.43,1195.0,RM016,Night,0
B027,M01,87.46,5.55,1178.0,RM016,Night,1
B027,M01,79.2,5.26,987.0,RM016,Night,1
B027,M01,96.11,5.0,1118.0,RM016,Night,0
B027,M01,92.8,5.0,1326.0,RM016,Night,0
B027,M01,93.08,4.97,1125.0,RM016,Night,1
B027,M01,79.56,5.04,1104.0,RM016,Night,0
B027,M01,85.75,4.71,1276.0,RM016,Night,0
B027,M01,85.89,6.09,1401.0,RM016,Night,1
B027,M01,85.61,4.59,1219.0,RM016,Night,0
B027,M01,82.97,4.8,1237.0,RM016,Night,0
B027,M01,86.24,4.92,1108.0,RM016,Night,1
B027,M01,93.32,4.81,1218.0,RM016,Night,0
B027,M01,93.1,4.75,1157.0,RM016,Night,0
B028,M05,91.07,5.67,1118.0,RM005,Morning,0
B028,M05,86.45,5.44,1248.0,RM005,Morning,0
B028,M05,75.42,5.43,1265.0,RM005,Morning,0
B028,M05,87.11,4.65,1246.0,RM005,Morning,0
B028,M05,92.67,4.57,1216.0,RM005,Morning,1
B028,M05,97.98,4.58,1306.0,RM005,Morning,0
B028,M05,83.17,4.22,1382.0,RM005,Morning,0
B028,M05,72.85,,1080.0,RM005,Morning,0
B028,M05,90.68,5.23,1101.0,RM005,Morning,0
B028,M05,101.14,4.62,1199.0,RM005,Morning,0
B028,M05,81.69,4.51,1283.0,RM005,Morning,0
B028,M05,86.72,4.95,1028.0,RM005,Morning,0
B028,M05,86.93,4.57,1132.0,RM005,Morning,0
B028,M05,101.65,5.63,1357.0,RM005,Morning,1
B028,M05,,5.2,1231.0,RM005,Morning,0
B028,M05,83.51,4.3,1110.0,RM005,Morning,0
B028,M05,94.07,4.66,1168.0,RM005,Morning,0
B028,M05,82.88,4.69,1195.0,RM005,Morning,0
B028,M05,77.33,,1060.0,RM005,Morning,0
B028,M05,71.52,5.35,1170.0,RM005,Morning,0
B028,M05,78.96,4.39,1419.0,RM005,Morning,0
B028,M05,84.74,5.55,,RM005,Morning,0
B028,M05,62.36,5.32,1212.0,RM005,Morning,0
B028,M05,88.71,5.32,1172.0,RM005,Morning,0
B028,M05,74.12,5.12,1015.0,RM005,Morning,1
B028,M05,97.88,4.94,1277.0,RM005,Morning,0
B028,M05,85.01,4.68,1133.0,RM005,Morning,0
B028,M05,81.29,5.3,1337.0,RM005,Morning,0
B028,M05,79.54,4.93,1150.0,RM005,Morning,0
B028,M05,85.04,4.37,1169.0,RM005,Morning,1
B028,M05,92.38,4.02,1171.0,RM005,Morning,1
B028,M05,97.33,4.82,1360.0,RM005,Morning,1
B028,M05,89.58,5.05,1329.0,RM005,Morning,0
B028,M05,79.35,5.24,1196.0,RM005,Morning,0
B028,M05,81.22,4.15,1195.0,RM005,Morning,0
B028,M05,85.87,5.48,1288.0,RM005,Morning,1
B028,M05,74.38,5.33,1294.0,RM005,Morning,0
B028,M05,86.83,4.31,1237.0,RM005,Morning,1
B028,M05,84.22,5.47,873.0,RM005,Morning,0
B028,M05,98.48,5.08,1200.0,RM005,Morning,0
B028,M05,76.1,5.26,1201.0,RM005,Morning,1
B028,M05,89.04,5.39,1064.0,RM005,Morning,0
B028,M05,97.94,5.81,1289.0,RM005,Morning,0
B028,M05,91.79,,1349.0,RM005,Morning,0
B028,M05,80.62,5.14,1107.0,RM005,Morning,0
B028,M05,71.4,5.0,1548.0,RM005,Morning,0
B028,M05,74.05,5.68,1180.0,RM005,Morning,0
B028,M05,71.34,5.16,955.0,RM005,Morning,0
B028,M05,89.96,6.21,1129.0,RM005,Morning,0
B028,M05,98.75,4.73,1369.0,RM005,Morning,0
B029,M01,84.39,4.83,998.0,RM006,Night,1
B029,M01,96.72,,1189.0,RM006,Night,0
B029,M01,73.61,5.41,1136.0,RM006,Night,0
B029,M01,108.69,,,RM006,Night,1
B029,M01,112.61,4.75,1141.0,RM006,Night,1
B029,M01,91.71,4.06,1308.0,RM006,Night,1
B029,M01,87.91,5.76,1287.0,RM006,Night,0
B029,M01,103.9,6.01,1262.0,RM006,Night,1
B029,M01,97.4,4.39,1165.0,RM006,Night,0
B029,M01,99.46,4.76,1263.0,RM006,Night,1
B029,M01,76.87,4.09,1185.0,RM006,Night,1
B029,M01,91.28,5.12,1224.0,RM006,Night,1
B029,M01,75.4,4.11,1191.0,RM006,Night,0
B029,M01,80.04,4.99,1039.0,RM006,Night,0
B029,M01,,4.81,1307.0,RM006,Night,0
B029,M01,77.99,4.15,1214.0,RM006,Night,1
B029,M01,87.81,4.46,,RM006,Night,0
B029,M01,114.52,4.33,1185.0,RM006,Night,0
B029,M01,86.4,4.9,1148.0,RM006,Night,0
B029,M01,94.47,4.88,1170.0,RM006,Night,0
B029,M01,100.53,4.91,1077.0,RM006,Night,0
B029,M01,94.51,5.25,1158.0,RM006,Night,1
B029,M01,91.21,4.06,1210.0,RM006,Night,1
B029,M01,100.22,5.21,1056.0,RM006,Night,1
B029,M01,96.6,4.1,1075.0,RM006,Night,0
B029,M01,91.88,4.68,1173.0,RM006,Night,1
B029,M01,81.63,4.63,,RM006,Night,0
B029,M01,105.69,4.94,1195.0,RM006,Night,0
B029,M01,98.61,,1188.0,RM006,Night,1
B029,M01,,4.81,1116.0,RM006,Night,0
B029,M01,76.83,5.13,1139.0,RM006,Night,0
B029,M01,94.55,5.44,1291.0,RM006,Night,0
B029,M01,77.7,5.32,1169.0,RM006,Night,0
B029,M01,96.29,4.9,1025.0,RM006,Night,0
B029,M01,92.27,4.95,944.0,RM006,Night,1
B029,M01,98.34,5.4,1323.0,RM006,Night,1
B029,M01,83.74,4.12,1201.0,RM006,Night,0
B029,M01,88.07,5.26,1169.0,RM006,Night,0
B029,M01,88.65,,1182.0,RM006,Night,1
B029,M01,81.69,,1347.0,RM006,Night,0
B029,M01,96.36,5.15,1287.0,RM006,Night,0
B029,M01,95.57,4.69,1394.0,RM006,Night,1
B029,M01,91.41,5.45,,RM006,Night,1
B029,M01,77.39,4.15,1292.0,RM006,Night,0
B029,M01,83.49,4.65,1223.0,RM006,Night,0
B029,M01,93.34,5.0,1134.0,RM006,Night,1
B029,M01,84.29,5.26,1238.0,RM006,Night,0
B029,M01,77.04,4.47,1116.0,RM006,Night,0
B029,M01,94.03,6.07,1157.0,RM006,Night,1
B029,M01,94.16,4.95,1177.0,RM006,Night,0
B030,M05,75.02,4.6,1247.0,RM011,Night,0
B030,M05,88.36,4.55,1283.0,RM011,Night,1
B030,M05,90.99,5.07,1243.0,RM011,Night,0
B030,M05,97.22,5.2,1216.0,RM011,Night,0
B030,M05,,4.12,1366.0,RM011,Night,0
B030,M05,83.95,,1140.0,RM011,Night,0
B030,M05,109.36,4.72,1092.0,RM011,Night,1
B030,M05,69.76,5.08,1038.0,RM011,Night,0
B030,M05,83.8,4.64,1096.0,RM011,Night,0
B030,M05,88.33,4.49,1156.0,RM011,Night,0
B030,M05,80.27,5.34,,RM011,Night,1
B030,M05,75.84,4.08,1252.0,RM011,Night,1
B030,M05,92.5,5.42,1223.0,RM011,Night,0
B030,M05,105.95,5.09,1254.0,RM011,Night,0
B030,M05,86.72,5.52,1353.0,RM011,Night,0
B030,M05,79.26,4.97,991.0,RM011,Night,0
B030,M05,,4.89,1205.0,RM011,Night,0
B030,M05,,5.54,947.0,RM011,Night,0
B030,M05,81.0,4.95,1328.0,RM011,Night,0
B030,M05,75.39,4.96,1199.0,RM011,Night,0
B030,M05,68.87,4.62,1263.0,RM011,Night,0
B030,M05,75.84,5.52,1134.0,RM011,Night,0
B030,M05,98.13,4.93,1180.0,RM011,Night,0
B030,M05,87.44,4.76,,RM011,Night,0
B030,M05,85.06,4.53,1194.0,RM011,Night,0
B030,M05,71.91,5.13,1366.0,RM011,Night,0
B030,M05,78.48,5.1,1345.0,RM011,Night,0
B030,M05,84.05,4.97,1340.0,RM011,Night,0
B030,M05,90.37,4.64,1157.0,RM011,Night,0
B030,M05,83.68,6.0,1296.0,RM011,Night,0
B030,M05,73.57,5.21,1168.0,RM011,Night,0
B030,M05,81.02,4.78,1136.0,RM011,Night,0
B030,M05,79.09,3.54,1325.0,RM011,Night,0
B030,M05,95.38,5.08,1354.0,RM011,Night,1
B030,M05,91.56,5.5,1169.0,RM011,Night,0
B030,M05,78.55,4.88,1279.0,RM011,Night,0
B030,M05,91.36,4.74,1148.0,RM011,Night,0
B030,M05,82.92,5.56,1079.0,RM011,Night,0
B030,M05,88.21,4.98,1158.0,RM011,Night,0
B030,M05,95.44,4.82,1109.0,RM011,Night,0
B030,M05,91.7,5.07,1131.0,RM011,Night,0
B030,M05,91.78,4.76,1391.0,RM011,Night,1
B030,M05,81.11,5.89,1217.0,RM011,Night,0
B030,M05,79.93,4.89,927.0,RM011,Night,0
B030,M05,97.98,4.05,1104.0,RM011,Night,1
B030,M05,85.35,4.94,1391.0,RM011,Night,0
B030,M05,80.12,6.09,1276.0,RM011,Night,0
B030,M05,72.46,4.72,1435.0,RM011,Night,0
B030,M05,85.62,5.08,1295.0,RM011,Night,0
B030,M05,89.3,4.75,1255.0,RM011,Night,0
B031,M04,73.45,4.8,1155.0,RM017,Morning,0
B031,M04,80.71,5.07,1288.0,RM017,Morning,0
B031,M04,82.39,3.83,1415.0,RM017,Morning,0
B031,M04,76.09,4.49,1108.0,RM017,Morning,0
B031,M04,85.01,5.51,1119.0,RM017,Morning,0
B031,M04,77.33,4.77,1274.0,RM017,Morning,0
B031,M04,86.62,4.6,1292.0,RM017,Morning,0
B031,M04,84.85,4.59,1232.0,RM017,Morning,0
B031,M04,87.0,5.52,1360.0,RM017,Morning,0
B031,M04,105.83,5.16,1284.0,RM017,Morning,1
B031,M04,89.17,5.58,1237.0,RM017,Morning,0
B031,M04,80.67,5.48,1233.0,RM017,Morning,0
B031,M04,98.83,5.06,1335.0,RM017,Morning,0
B031,M04,75.74,4.91,1271.0,RM017,Morning,0
B031,M04,70.33,5.25,1170.0,RM017,Morning,0
B031,M04,86.49,5.55,1352.0,RM017,Morning,0
B031,M04,78.47,4.22,957.0,RM017,Morning,0
B031,M04,86.22,5.67,1244.0,RM017,Morning,0
B031,M04,73.46,5.05,1080.0,RM017,Morning,0
B031,M04,86.08,5.71,1093.0,RM017,Morning,0
B031,M04,74.64,4.94,1262.0,RM017,Morning,0
B031,M04,76.67,4.35,1086.0,RM017,Morning,0
B031,M04,91.32,4.84,1089.0,RM017,Morning,0
B031,M04,80.44,5.5,1114.0,RM017,Morning,0
B031,M04,98.94,4.42,1281.0,RM017,Morning,0
B031,M04,73.15,4.77,1353.0,RM017,Morning,0
B031,M04,91.18,4.72,1384.0,RM017,Morning,0
B031,M04,82.39,5.03,988.0,RM017,Morning,0
B031,M04,78.64,5.15,1182.0,RM017,Morning,0
B031,M04,86.77,4.82,1188.0,RM017,Morning,0
B031,M04,84.12,4.87,992.0,RM017,Morning,1
B031,M04,75.04,4.54,1386.0,RM017,Morning,0
B031,M04,92.47,4.27,1396.0,RM017,Morning,0
B031,M04,86.55,5.53,1257.0,RM017,Morning,0
B031,M04,79.06,4.5,1413.0,RM017,Morning,0
B031,M04,78.21,5.08,1234.0,RM017,Morning,0
B031,M04,71.59,,1300.0,RM017,Morning,0
B031,M04,89.28,5.96,1260.0,RM017,Morning,0
B031,M04,65.44,4.71,1203.0,RM017,Morning,0
B031,M04,79.51,4.77,1047.0,RM017,Morning,0
B031,M04,88.51,5.48,1191.0,RM017,Morning,0
B031,M04,85.05,5.36,1135.0,RM017,Morning,0
B031,M04,80.16,5.63,1127.0,RM017,Morning,0
B031,M04,89.25,5.06,1290.0,RM017,Morning,0
B031,M04,92.96,5.56,1136.0,RM017,Morning,0
B031,M04,86.44,4.74,1322.0,RM017,Morning,0
B031,M04,88.67,4.54,1245.0,RM017,Morning,0
B031,M04,78.51,4.78,1223.0,RM017,Morning,0
B031,M04,60.04,4.93,1478.0,RM017,Morning,0
B031,M04,74.5,4.4,1173.0,RM017,Morning,1
B032,M02,76.25,4.33,1020.0,RM015,Night,0
B032,M02,75.01,5.83,1131.0,RM015,Night,0
B032,M02,89.43,5.06,1243.0,RM015,Night,0
B032,M02,92.36,5.33,1242.0,RM015,Night,0
B032,M02,86.31,5.47,1141.0,RM015,Night,0
B032,M02,89.0,5.72,1004.0,RM015,Night,0
B032,M02,82.37,5.04,1292.0,RM015,Night,0
B032,M02,75.11,4.81,1089.0,RM015,Night,0
B032,M02,80.86,4.72,1143.0,RM015,Night,0
B032,M02,86.24,5.12,1133.0,RM015,Night,0
B032,M02,77.68,4.47,1327.0,RM015,Night,0
B032,M02,90.65,5.26,1129.0,RM015,Night,0
B032,M02,81.18,4.46,1089.0,RM015,Night,0
B032,M02,90.25,5.4,1251.0,RM015,Night,0
B032,M02,78.42,4.64,1065.0,RM015,Night,0
B032,M02,93.33,6.2,1191.0,RM015,Night,0
B032,M02,90.21,4.43,1242.0,RM015,Night,0
B032,M02,101.4,4.44,1286.0,RM015,Night,0
B032,M02,74.5,4.89,1301.0,RM015,Night,0
B032,M02,88.45,4.41,1143.0,RM015,Night,1
B032,M02,83.12,4.73,995.0,RM015,Night,1
B032,M02,86.12,6.11,1201.0,RM015,Night,0
B032,M02,78.81,4.9,1307.0,RM015,Night,0
B032,M02,93.76,5.04,1180.0,RM015,Night,0
B032,M02,89.54,5.56,1055.0,RM015,Night,0
B032,M02,90.87,5.14,1161.0,RM015,Night,0
B032,M02,81.7,5.02,1220.0,RM015,Night,0
B032,M02,85.67,4.13,1161.0,RM015,Night,0
B032,M02,103.19,4.88,1242.0,RM015,Night,0
B032,M02,69.5,5.04,1301.0,RM015,Night,1
B032,M02,97.76,5.02,1206.0,RM015,Night,0
B032,M02,74.09,5.81,1390.0,RM015,Night,0
B032,M02,100.54,4.65,917.0,RM015,Night,0
B032,M02,94.61,5.03,951.0,RM015,Night,0
B032,M02,83.55,4.52,1080.0,RM015,Night,0
B032,M02,77.15,5.32,1411.0,RM015,Night,0
B032,M02,98.14,6.02,1172.0,RM015,Night,0
B032,M02,90.37,5.11,1094.0,RM015,Night,0
B032,M02,88.34,5.49,1097.0,RM015,Night,1
B032,M02,83.6,5.57,1341.0,RM015,Night,0
B032,M02,91.85,4.77,1371.0,RM015,Night,0
B032,M02,89.65,5.39,1514.0,RM015,Night,0
B032,M02,84.04,5.0,1073.0,RM015,Night,0
B032,M02,83.81,5.0,1226.0,RM015,Night,0
B032,M02,86.33,,1356.0,RM015,Night,0
B032,M02,88.44,4.46,1192.0,RM015,Night,0
B032,M02,80.86,4.52,1452.0,RM015,Night,0
B032,M02,97.34,5.15,830.0,RM015,Night,0
B032,M02,88.72,5.37,1149.0,RM015,Night,1
B032,M02,79.18,5.61,1145.0,RM015,Night,0
B033,M05,86.79,5.58,1421.0,RM004,Night,0
B033,M05,85.14,5.29,1299.0,RM004,Night,0
B033,M05,92.04,4.98,1100.0,RM004,Night,0
B033,M05,73.68,4.75,1229.0,RM004,Night,0
B033,M05,85.43,5.2,1098.0,RM004,Night,0
B033,M05,72.71,4.79,1042.0,RM004,Night,1
B033,M05,102.06,5.2,1156.0,RM004,Night,0
B033,M05,78.94,4.31,1212.0,RM004,Night,0
B033,M05,80.93,5.2,1008.0,RM004,Night,0
B033,M05,92.46,4.94,1584.0,RM004,Night,0
B033,M05,74.22,5.13,1207.0,RM004,Night,0
B033,M05,91.56,4.26,1110.0,RM004,Night,0
B033,M05,,4.56,1240.0,RM004,Night,0
B033,M05,80.49,4.61,1252.0,RM004,Night,1
B033,M05,,4.78,1133.0,RM004,Night,0
B033,M05,81.62,4.79,1079.0,RM004,Night,0
B033,M05,,5.38,1317.0,RM004,Night,0
B033,M05,76.63,4.23,1411.0,RM004,Night,0
B033,M05,94.79,4.36,,RM004,Night,1
B033,M05,,4.24,1099.0,RM004,Night,0
B033,M05,82.58,4.72,1080.0,RM004,Night,0
B033,M05,85.5,4.85,1145.0,RM004,Night,0
B033,M05,78.53,4.81,1338.0,RM004,Night,1
B033,M05,70.75,4.84,1173.0,RM004,Night,0
B033,M05,94.26,4.93,1299.0,RM004,Night,0
B033,M05,81.66,5.34,1308.0,RM004,Night,0
B033,M05,98.55,5.4,1240.0,RM004,Night,1
B033,M05,77.17,4.91,1066.0,RM004,Night,0
B033,M05,100.21,4.21,1056.0,RM004,Night,1
B033,M05,78.66,4.31,1336.0,RM004,Night,0
B033,M05,75.04,5.23,1156.0,RM004,Night,0
B033,M05,89.01,4.68,1221.0,RM004,Night,0
B033,M05,82.42,6.19,984.0,RM004,Night,0
B033,M05,90.62,4.83,1139.0,RM004,Night,1
B033,M05,92.12,5.02,1174.0,RM004,Night,0
B033,M05,87.23,4.56,1197.0,RM004,Night,0
B033,M05,77.77,4.83,1264.0,RM004,Night,0
B033,M05,93.64,4.42,1279.0,RM004,Night,0
B033,M05,80.08,5.26,1071.0,RM004,Night,0
B033,M05,84.38,4.75,1057.0,RM004,Night,1
B033,M05,82.12,3.9,1125.0,RM004,Night,0
B033,M05,89.03,5.52,1254.0,RM004,Night,0
B033,M05,92.81,4.78,1217.0,RM004,Night,0
B033,M05,85.75,5.23,1141.0,RM004,Night,0
B033,M05,,4.84,1255.0,RM004,Night,0
B033,M05,85.67,4.16,1242.0,RM004,Night,0
B033,M05,69.28,4.58,1214.0,RM004,Night,0
B033,M05,74.16,5.13,1259.0,RM004,Night,0
B033,M05,70.28,5.17,1151.0,RM004,Night,0
B033,M05,83.98,5.39,1295.0,RM004,Night,1
B034,M04,92.06,5.35,1113.0,RM013,Evening,1
B034,M04,78.65,4.5,1346.0,RM013,Evening,0
B034,M04,77.65,4.39,1339.0,RM013,Evening,0
B034,M04,87.57,4.44,1051.0,RM013,Evening,0
B034,M04,98.54,4.87,1180.0,RM013,Evening,0
B034,M04,85.98,6.38,1309.0,RM013,Evening,0
B034,M04,74.0,4.45,1241.0,RM013,Evening,1
B034,M04,86.38,4.75,,RM013,Evening,0
B034,M04,84.84,5.04,,RM013,Evening,1
B034,M04,99.74,5.39,1129.0,RM013,Evening,0
B034,M04,86.51,4.95,1207.0,RM013,Evening,0
B034,M04,84.92,4.79,1295.0,RM013,Evening,0
B034,M04,88.01,4.76,1213.0,RM013,Evening,0
B034,M04,77.86,5.94,1212.0,RM013,Evening,0
B034,M04,93.08,5.66,1346.0,RM013,Evening,1
B034,M04,79.07,5.37,1375.0,RM013,Evening,0
B034,M04,74.47,5.57,1146.0,RM013,Evening,0
B034,M04,83.07,4.41,,RM013,Evening,0
B034,M04,91.07,4.98,1254.0,RM013,Evening,0
B034,M04,89.53,4.79,1201.0,RM013,Evening,0
B034,M04,99.02,5.4,1277.0,RM013,Evening,0
B034,M04,90.96,5.52,1343.0,RM013,Evening,0
B034,M04,76.19,,1047.0,RM013,Evening,0
B034,M04,75.99,4.66,1126.0,RM013,Evening,0
B034,M04,90.29,4.35,1164.0,RM013,Evening,1
B034,M04,93.74,5.15,1148.0,RM013,Evening,0
B034,M04,74.45,5.62,1328.0,RM013,Evening,0
B034,M04,70.07,4.66,1157.0,RM013,Evening,0
B034,M04,83.99,4.08,1286.0,RM013,Evening,0
B034,M04,62.0,4.47,1258.0,RM013,Evening,0
B034,M04,75.03,5.26,1151.0,RM013,Evening,0
B034,M04,86.62,5.09,1191.0,RM013,Evening,0
B034,M04,81.84,6.03,1038.0,RM013,Evening,0
B034,M04,82.53,4.88,1298.0,RM013,Evening,0
B034,M04,83.91,4.98,1206.0,RM013,Evening,0
B034,M04,84.64,4.36,1207.0,RM013,Evening,0
B034,M04,100.04,5.29,1374.0,RM013,Evening,0
B034,M04,78.62,5.33,1200.0,RM013,Evening,0
B034,M04,76.2,5.34,1263.0,RM013,Evening,0
B034,M04,82.06,4.96,1025.0,RM013,Evening,1
B034,M04,79.78,5.96,970.0,RM013,Evening,0
B034,M04,77.11,5.02,892.0,RM013,Evening,0
B034,M04,80.24,4.88,1129.0,RM013,Evening,0
B034,M04,93.7,5.86,,RM013,Evening,0
B034,M04,70.43,5.15,1015.0,RM013,Evening,0
B034,M04,86.11,5.09,1092.0,RM013,Evening,0
B034,M04,83.57,5.55,1316.0,RM013,Evening,0
B034,M04,73.81,4.93,1276.0,RM013,Evening,1
B034,M04,80.11,4.71,1098.0,RM013,Evening,0
B034,M04,95.2,5.67,1002.0,RM013,Evening,1
B035,M05,89.12,4.57,1130.0,RM020,Morning,0
B035,M05,91.21,5.64,1197.0,RM020,Morning,0
B035,M05,79.78,4.85,1230.0,RM020,Morning,0
B035,M05,85.03,6.28,1153.0,RM020,Morning,0
B035,M05,77.1,5.76,1061.0,RM020,Morning,0
B035,M05,95.75,4.86,,RM020,Morning,0
B035,M05,88.79,3.9,1283.0,RM020,Morning,0
B035,M05,86.54,4.32,1166.0,RM020,Morning,0
B035,M05,96.61,5.47,1148.0,RM020,Morning,0
B035,M05,94.59,4.66,1092.0,RM020,Morning,0
B035,M05,85.94,5.06,1225.0,RM020,Morning,1
B035,M05,89.85,4.9,1324.0,RM020,Morning,0
B035,M05,81.99,5.82,1442.0,RM020,Morning,0
B035,M05,82.43,5.02,1176.0,RM020,Morning,0
B035,M05,93.68,5.11,1099.0,RM020,Morning,0
B035,M05,93.86,5.59,1098.0,RM020,Morning,0
B035,M05,78.57,5.54,,RM020,Morning,0
B035,M05,82.3,4.1,1171.0,RM020,Morning,0
B035,M05,82.22,5.12,1212.0,RM020,Morning,0
B035,M05,85.46,4.55,1232.0,RM020,Morning,0
B035,M05,82.8,4.86,1149.0,RM020,Morning,1
B035,M05,80.69,4.51,990.0,RM020,Morning,0
B035,M05,,5.26,1426.0,RM020,Morning,0
B035,M05,85.02,4.68,1271.0,RM020,Morning,0
B035,M05,89.53,4.26,1220.0,RM020,Morning,0
B035,M05,73.97,5.65,1158.0,RM020,Morning,0
B035,M05,85.16,5.08,1228.0,RM020,Morning,1
B035,M05,78.47,4.93,1290.0,RM020,Morning,0
B035,M05,74.88,5.05,1152.0,RM020,Morning,0
B035,M05,82.59,4.93,1065.0,RM020,Morning,0
B035,M05,83.97,5.42,1088.0,RM020,Morning,0
B035,M05,73.9,5.09,1109.0,RM020,Morning,0
B035,M05,85.23,5.15,1175.0,RM020,Morning,0
B035,M05,87.92,4.11,1194.0,RM020,Morning,0
B035,M05,93.53,5.23,1303.0,RM020,Morning,0
B035,M05,80.78,5.45,1290.0,RM020,Morning,0
B035,M05,83.37,5.62,956.0,RM020,Morning,0
B035,M05,87.93,4.47,1193.0,RM020,Morning,0
B035,M05,70.3,4.36,1213.0,RM020,Morning,0
B035,M05,61.2,5.03,1312.0,RM020,Morning,0
B035,M05,75.81,5.59,1193.0,RM020,Morning,0
B035,M05,80.43,6.07,1118.0,RM020,Morning,0
B035,M05,103.21,5.7,1223.0,RM020,Morning,0
B035,M05,,4.37,1144.0,RM020,Morning,1
B035,M05,72.17,5.1,1209.0,RM020,Morning,0
B035,M05,78.76,5.04,1315.0,RM020,Morning,0
B035,M05,86.35,5.02,1267.0,RM020,Morning,0
B035,M05,87.92,5.64,1059.0,RM020,Morning,0
B035,M05,71.29,4.83,1287.0,RM020,Morning,0
B035,M05,89.24,4.86,,RM020,Morning,0
B036,M01,,5.1,,RM012,Morning,0
B036,M01,88.3,4.0,1271.0,RM012,Morning,0
B036,M01,,4.97,928.0,RM012,Morning,0
B036,M01,88.98,4.76,977.0,RM012,Morning,0
B036,M01,96.17,4.35,1216.0,RM012,Morning,0
B036,M01,90.07,5.12,1106.0,RM012,Morning,1
B036,M01,82.39,4.47,1231.0,RM012,Morning,1
B036,M01,74.54,4.26,1271.0,RM012,Morning,0
B036,M01,81.83,5.25,1047.0,RM012,Morning,0
B036,M01,107.93,4.89,1266.0,RM012,Morning,1
B036,M01,90.35,5.9,985.0,RM012,Morning,0
B036,M01,83.33,4.53,981.0,RM012,Morning,0
B036,M01,86.16,4.77,,RM012,Morning,1
B036,M01,91.03,4.7,1185.0,RM012,Morning,1
B036,M01,83.98,4.79,1319.0,RM012,Morning,1
B036,M01,96.48,5.07,1211.0,RM012,Morning,0
B036,M01,83.15,4.89,1348.0,RM012,Morning,0
B036,M01,95.28,4.56,1299.0,RM012,Morning,0
B036,M01,92.79,5.94,1156.0,RM012,Morning,0
B036,M01,83.14,5.17,1165.0,RM012,Morning,0
B036,M01,100.72,4.08,1353.0,RM012,Morning,0
B036,M01,100.51,5.93,1173.0,RM012,Morning,0
B036,M01,93.02,4.64,917.0,RM012,Morning,1
B036,M01,99.59,4.99,1214.0,RM012,Morning,0
B036,M01,92.94,5.07,1463.0,RM012,Morning,0
B036,M01,80.2,5.09,1153.0,RM012,Morning,0
B036,M01,84.64,4.59,1202.0,RM012,Morning,0
B036,M01,87.1,5.71,1202.0,RM012,Morning,0
B036,M01,105.43,5.13,1308.0,RM012,Morning,0
B036,M01,96.11,4.32,1230.0,RM012,Morning,0
B036,M01,78.84,5.4,,RM012,Morning,0
B036,M01,86.46,4.31,1058.0,RM012,Morning,0
B036,M01,91.48,5.08,1246.0,RM012,Morning,0
B036,M01,70.57,5.32,1218.0,RM012,Morning,0
B036,M01,95.96,4.3,1089.0,RM012,Morning,0
B036,M01,97.58,5.36,1302.0,RM012,Morning,1
B036,M01,85.78,4.78,1272.0,RM012,Morning,0
B036,M01,75.3,5.36,1107.0,RM012,Morning,0
B036,M01,86.53,4.8,1211.0,RM012,Morning,0
B036,M01,90.89,4.95,1197.0,RM012,Morning,0
B036,M01,84.37,4.49,1193.0,RM012,Morning,0
B036,M01,89.69,5.09,944.0,RM012,Morning,1
B036,M01,91.36,4.47,1240.0,RM012,Morning,1
B036,M01,96.84,4.39,1269.0,RM012,Morning,1
B036,M01,102.18,4.3,1258.0,RM012,Morning,0
B036,M01,83.99,5.08,1227.0,RM012,Morning,1
B036,M01,105.88,4.53,1083.0,RM012,Morning,0
B036,M01,87.1,4.6,1236.0,RM012,Morning,0
B036,M01,79.25,5.37,1282.0,RM012,Morning,1
B036,M01,92.37,4.91,,RM012,Morning,0
B037,M05,87.5,4.4,1173.0,RM002,Night,0
B037,M05,102.07,4.66,1259.0,RM002,Night,0
B037,M05,82.14,4.17,1197.0,RM002,Night,1
B037,M05,89.64,4.97,1125.0,RM002,Night,0
B037,M05,98.72,5.26,1096.0,RM002,Night,0
B037,M05,89.34,4.91,1286.0,RM002,Night,0
B037,M05,82.82,4.94,1171.0,RM002,Night,0
B037,M05,87.65,5.86,1211.0,RM002,Night,1
B037,M05,89.03,4.98,1250.0,RM002,Night,0
B037,M05,82.62,4.59,1065.0,RM002,Night,0
B037,M05,89.24,6.02,1298.0,RM002,Night,0
B037,M05,85.84,5.21,1121.0,RM002,Night,0
B037,M05,75.44,4.85,1027.0,RM002,Night,1
B037,M05,,5.13,1056.0,RM002,Night,0
B037,M05,89.41,5.44,1176.0,RM002,Night,0
B037,M05,103.88,4.69,1455.0,RM002,Night,0
B037,M05,96.42,4.46,1180.0,RM002,Night,0
B037,M05,78.47,4.89,1551.0,RM002,Night,0
B037,M05,82.3,5.09,,RM002,Night,0
B037,M05,79.33,4.6,1189.0,RM002,Night,0
B037,M05,86.54,4.82,1271.0,RM002,Night,1
B037,M05,85.72,5.28,1360.0,RM002,Night,0
B037,M05,77.9,6.06,1246.0,RM002,Night,0
B037,M05,81.68,4.87,1071.0,RM002,Night,0
B037,M05,87.84,5.04,1116.0,RM002,Night,0
B037,M05,89.63,5.29,1172.0,RM002,Night,1
B037,M05,96.98,5.08,1167.0,RM002,Night,1
B037,M05,80.91,4.49,1180.0,RM002,Night,1
B037,M05,88.71,4.77,1131.0,RM002,Night,0
B037,M05,83.02,5.68,1155.0,RM002,Night,0
B037,M05,90.89,4.9,1311.0,RM002,Night,0
B037,M05,74.76,4.71,1216.0,RM002,Night,0
B037,M05,93.19,5.35,1190.0,RM002,Night,0
B037,M05,86.32,6.3,1118.0,RM002,Night,0
B037,M05,82.75,4.57,1092.0,RM002,Night,0
B037,M05,,5.86,1283.0,RM002,Night,1
B037,M05,84.86,4.71,1166.0,RM002,Night,0
B037,M05,72.51,5.97,1112.0,RM002,Night,0
B037,M05,96.21,4.55,1160.0,RM002,Night,0
B037,M05,70.45,4.71,1284.0,RM002,Night,0
B037,M05,,4.43,1286.0,RM002,Night,1
B037,M05,84.95,4.74,,RM002,Night,0
B037,M05,94.3,4.9,1441.0,RM002,Night,0
B037,M05,85.02,5.34,1334.0,RM002,Night,0
B037,M05,72.14,4.29,1377.0,RM002,Night,1
B037,M05,78.7,5.24,1188.0,RM002,Night,0
B037,M05,72.63,6.51,1377.0,RM002,Night,0
B037,M05,74.5,4.71,1359.0,RM002,Night,0
B037,M05,80.43,5.04,1248.0,RM002,Night,0
B037,M05,75.93,4.22,1186.0,RM002,Night,0
B038,M02,82.84,5.82,1266.0,RM003,Evening,0
B038,M02,79.48,4.97,,RM003,Evening,0
B038,M02,88.93,5.09,1006.0,RM003,Evening,0
B038,M02,87.63,5.58,1165.0,RM003,Evening,1
B038,M02,94.93,5.36,1147.0,RM003,Evening,0
B038,M02,67.98,4.23,1438.0,RM003,Evening,1
B038,M02,73.0,5.0,1427.0,RM003,Evening,0
B038,M02,78.18,5.64,1396.0,RM003,Evening,1
B038,M02,85.41,5.23,1096.0,RM003,Evening,0
B038,M02,96.33,5.96,,RM003,Evening,0
B038,M02,84.22,5.21,1151.0,RM003,Evening,0
B038,M02,91.1,4.11,1389.0,RM003,Evening,0
B038,M02,77.69,4.48,1170.0,RM003,Evening,0
B038,M02,81.92,5.58,1179.0,RM003,Evening,0
B038,M02,93.46,4.71,1144.0,RM003,Evening,0
B038,M02,74.62,4.68,1196.0,RM003,Evening,0
B038,M02,89.73,5.44,1014.0,RM003,Evening,1
B038,M02,,3.49,1339.0,RM003,Evening,1
B038,M02,81.65,4.62,1264.0,RM003,Evening,0
B038,M02,83.82,5.35,1120.0,RM003,Evening,0
B038,M02,78.95,5.43,1266.0,RM003,Evening,0
B038,M02,75.58,4.98,922.0,RM003,Evening,0
B038,M02,77.73,4.46,,RM003,Evening,0
B038,M02,73.89,4.82,1221.0,RM003,Evening,0
B038,M02,86.16,5.57,1275.0,RM003,Evening,0
B038,M02,89.37,5.4,1215.0,RM003,Evening,0
B038,M02,90.42,,1286.0,RM003,Evening,0
B038,M02,88.8,4.38,1149.0,RM003,Evening,0
B038,M02,78.44,5.28,1108.0,RM003,Evening,0
B038,M02,75.63,4.51,1338.0,RM003,Evening,1
B038,M02,90.23,5.47,1233.0,RM003,Evening,0
B038,M02,103.09,5.9,1355.0,RM003,Evening,0
B038,M02,96.94,4.88,1187.0,RM003,Evening,0
B038,M02,82.64,,1123.0,RM003,Evening,1
B038,M02,78.05,5.34,1175.0,RM003,Evening,0
B038,M02,,4.43,1310.0,RM003,Evening,0
B038,M02,80.27,5.7,1074.0,RM003,Evening,1
B038,M02,82.85,5.13,1429.0,RM003,Evening,0
B038,M02,78.64,5.41,1007.0,RM003,Evening,0
B038,M02,87.91,5.68,1265.0,RM003,Evening,0
B038,M02,86.4,3.93,1174.0,RM003,Evening,0
B038,M02,77.72,4.09,1282.0,RM003,Evening,0
B038,M02,89.43,5.65,1322.0,RM003,Evening,0
B038,M02,88.31,3.65,1164.0,RM003,Evening,0
B038,M02,82.08,4.47,1198.0,RM003,Evening,0
B038,M02,93.76,4.81,1027.0,RM003,Evening,0
B038,M02,99.33,5.36,1165.0,RM003,Evening,0
B038,M02,80.09,5.86,1178.0,RM003,Evening,0
B038,M02,90.3,5.55,1142.0,RM003,Evening,1
B038,M02,83.25,5.1,1210.0,RM003,Evening,0
B039,M01,92.32,4.62,1101.0,RM020,Night,0
B039,M01,87.51,4.5,1106.0,RM020,Night,1
B039,M01,85.81,5.05,1280.0,RM020,Night,0
B039,M01,89.93,4.98,1117.0,RM020,Night,0
B039,M01,82.31,4.23,1091.0,RM020,Night,1
B039,M01,99.99,6.0,1005.0,RM020,Night,1
B039,M01,91.66,5.79,1325.0,RM020,Night,0
B039,M01,77.95,5.74,1289.0,RM020,Night,0
B039,M01,98.06,4.36,1177.0,RM020,Night,0
B039,M01,94.4,4.6,1235.0,RM020,Night,1
B039,M01,79.45,4.63,1202.0,RM020,Night,1
B039,M01,88.93,5.61,1309.0,RM020,Night,0
B039,M01,81.6,5.37,1093.0,RM020,Night,1
B039,M01,85.63,5.08,1176.0,RM020,Night,0
B039,M01,90.84,5.14,1126.0,RM020,Night,0
B039,M01,99.4,4.86,1137.0,RM020,Night,0
B039,M01,,4.42,1253.0,RM020,Night,1
B039,M01,92.96,5.41,949.0,RM020,Night,1
B039,M01,105.04,4.92,1127.0,RM020,Night,0
B039,M01,84.08,6.05,1290.0,RM020,Night,1
B039,M01,96.7,5.41,,RM020,Night,1
B039,M01,74.99,5.08,1188.0,RM020,Night,1
B039,M01,91.76,5.52,1186.0,RM020,Night,1
B039,M01,81.58,5.04,1328.0,RM020,Night,0
B039,M01,80.45,4.1,1276.0,RM020,Night,1
B039,M01,78.12,4.37,1200.0,RM020,Night,1
B039,M01,97.62,4.63,1062.0,RM020,Night,1
B039,M01,80.33,5.09,1170.0,RM020,Night,0
B039,M01,,5.05,1292.0,RM020,Night,1
B039,M01,101.8,5.46,1265.0,RM020,Night,0
B039,M01,84.73,6.31,1224.0,RM020,Night,0
B039,M01,94.38,4.7,1380.0,RM020,Night,0
B039,M01,87.09,4.83,1204.0,RM020,Night,1
B039,M01,82.06,,1002.0,RM020,Night,0
B039,M01,84.75,5.19,1194.0,RM020,Night,0
B039,M01,83.95,4.95,1107.0,RM020,Night,0
B039,M01,89.98,4.34,1349.0,RM020,Night,0
B039,M01,87.58,5.85,1276.0,RM020,Night,1
B039,M01,93.27,4.13,1232.0,RM020,Night,0
B039,M01,93.31,5.01,1338.0,RM020,Night,0
B039,M01,92.05,5.01,1460.0,RM020,Night,0
B039,M01,,4.73,1269.0,RM020,Night,0
B039,M01,102.69,5.12,1196.0,RM020,Night,0
B039,M01,78.31,5.06,1147.0,RM020,Night,1
B039,M01,87.31,,1100.0,RM020,Night,1
B039,M01,81.55,5.65,1313.0,RM020,Night,0
B039,M01,92.86,4.99,1265.0,RM020,Night,0
B039,M01,87.01,5.39,1258.0,RM020,Night,0
B039,M01,88.9,5.84,1114.0,RM020,Night,0
B039,M01,86.24,4.74,1208.0,RM020,Night,0
B040,M02,97.47,4.92,1356.0,RM011,Night,0
B040,M02,84.36,5.85,1264.0,RM011,Night,0
B040,M02,106.01,4.74,1320.0,RM011,Night,1
B040,M02,75.53,5.51,1217.0,RM011,Night,0
B040,M02,84.49,5.18,1151.0,RM011,Night,0
B040,M02,92.29,4.52,1444.0,RM011,Night,0
B040,M02,83.1,4.71,1225.0,RM011,Night,0
B040,M02,87.41,5.02,1218.0,RM011,Night,0
B040,M02,73.53,4.77,1187.0,RM011,Night,0
B040,M02,,5.68,1067.0,RM011,Night,0
B040,M02,85.39,4.71,1336.0,RM011,Night,0
B040,M02,78.72,5.99,1168.0,RM011,Night,0
B040,M02,98.31,4.62,1332.0,RM011,Night,0
B040,M02,92.49,5.48,1388.0,RM011,Night,0
B040,M02,81.85,,1298.0,RM011,Night,0
B040,M02,80.13,5.23,1223.0,RM011,Night,0
B040,M02,83.15,4.99,1234.0,RM011,Night,0
B040,M02,81.33,5.96,1280.0,RM011,Night,0
B040,M02,86.48,4.91,1141.0,RM011,Night,0
B040,M02,72.89,5.17,1366.0,RM011,Night,0
B040,M02,84.82,4.48,976.0,RM011,Night,1
B040,M02,93.92,5.93,1211.0,RM011,Night,0
B040,M02,98.01,4.48,1366.0,RM011,Night,0
B040,M02,97.29,4.74,1115.0,RM011,Night,0
B040,M02,71.46,5.23,1179.0,RM011,Night,0
B040,M02,79.0,4.97,1146.0,RM011,Night,0
B040,M02,84.81,4.97,1235.0,RM011,Night,0
B040,M02,77.14,4.75,1453.0,RM011,Night,0
B040,M02,74.35,4.64,1236.0,RM011,Night,1
B040,M02,89.96,5.34,1098.0,RM011,Night,0
B040,M02,84.82,4.49,1424.0,RM011,Night,0
B040,M02,73.0,3.92,1350.0,RM011,Night,0
B040,M02,93.5,5.87,1125.0,RM011,Night,0
B040,M02,81.37,5.62,1246.0,RM011,Night,1
B040,M02,96.04,5.62,1344.0,RM011,Night,0
B040,M02,86.7,4.98,1273.0,RM011,Night,1
B040,M02,91.23,5.27,1259.0,RM011,Night,0
B040,M02,86.39,5.96,1332.0,RM011,Night,0
B040,M02,79.43,5.94,1230.0,RM011,Night,0
B040,M02,82.37,4.62,1232.0,RM011,Night,0
B040,M02,89.26,5.37,1266.0,RM011,Night,0
B040,M02,70.94,3.9,1199.0,RM011,Night,0
B040,M02,79.45,4.73,1176.0,RM011,Night,0
B040,M02,83.41,5.56,1090.0,RM011,Night,0
B040,M02,95.75,5.96,1125.0,RM011,Night,0
B040,M02,78.14,5.49,1085.0,RM011,Night,0
B040,M02,84.14,6.06,1154.0,RM011,Night,0
B040,M02,97.3,5.09,949.0,RM011,Night,0
B040,M02,82.6,4.73,1286.0,RM011,Night,0
B040,M02,87.98,4.86,1248.0,RM011,Night,0
B041,M02,89.81,4.95,1307.0,RM012,Evening,0
B041,M02,87.26,4.81,1146.0,RM012,Evening,0
B041,M02,80.06,5.67,1225.0,RM012,Evening,0
B041,M02,82.58,4.29,1225.0,RM012,Evening,0
B041,M02,92.45,4.85,1319.0,RM012,Evening,0
B041,M02,84.54,4.92,1101.0,RM012,Evening,0
B041,M02,,4.33,1220.0,RM012,Evening,0
B041,M02,100.24,,1265.0,RM012,Evening,0
B041,M02,80.15,4.53,1388.0,RM012,Evening,0
B041,M02,87.89,5.71,1193.0,RM012,Evening,0
B041,M02,75.53,5.25,1291.0,RM012,Evening,0
B041,M02,92.14,5.69,1374.0,RM012,Evening,0
B041,M02,75.81,4.44,1044.0,RM012,Evening,0
B041,M02,81.25,5.07,1189.0,RM012,Evening,0
B041,M02,90.17,5.0,1171.0,RM012,Evening,0
B041,M02,89.09,5.91,1281.0,RM012,Evening,0
B041,M02,79.4,3.72,1079.0,RM012,Evening,0
B041,M02,69.37,5.14,1353.0,RM012,Evening,0
B041,M02,87.07,4.29,1484.0,RM012,Evening,1
B041,M02,81.38,5.32,1355.0,RM012,Evening,0
B041,M02,,5.14,1186.0,RM012,Evening,0
B041,M02,86.44,5.0,1231.0,RM012,Evening,1
B041,M02,92.22,5.01,1084.0,RM012,Evening,0
B041,M02,84.13,4.76,1200.0,RM012,Evening,0
B041,M02,92.97,4.66,1498.0,RM012,Evening,0
B041,M02,82.21,4.25,1075.0,RM012,Evening,1
B041,M02,83.22,4.65,1141.0,RM012,Evening,0
B041,M02,87.77,4.87,1115.0,RM012,Evening,0
B041,M02,76.7,5.01,1258.0,RM012,Evening,0
B041,M02,90.91,5.02,,RM012,Evening,1
B041,M02,87.47,4.82,995.0,RM012,Evening,0
B041,M02,87.8,4.53,1160.0,RM012,Evening,1
B041,M02,93.17,4.51,1264.0,RM012,Evening,0
B041,M02,81.67,5.6,1425.0,RM012,Evening,1
B041,M02,88.7,4.14,991.0,RM012,Evening,0
B041,M02,88.12,4.59,1229.0,RM012,Evening,0
B041,M02,82.33,4.74,1376.0,RM012,Evening,0
B041,M02,88.22,4.72,1189.0,RM012,Evening,0
B041,M02,87.49,4.9,1254.0,RM012,Evening,0
B041,M02,80.94,4.7,1178.0,RM012,Evening,0
B041,M02,77.54,5.37,1127.0,RM012,Evening,0
B041,M02,83.74,5.06,1159.0,RM012,Evening,0
B041,M02,87.26,3.39,1099.0,RM012,Evening,0
B041,M02,84.14,5.42,1203.0,RM012,Evening,0
B041,M02,83.89,4.83,1310.0,RM012,Evening,0
B041,M02,96.47,5.24,1084.0,RM012,Evening,0
B041,M02,83.94,5.47,1262.0,RM012,Evening,0
B041,M02,79.6,5.8,1298.0,RM012,Evening,0
B041,M02,95.05,5.49,1204.0,RM012,Evening,1
B041,M02,89.75,5.24,1107.0,RM012,Evening,0
B042,M04,87.77,4.33,1171.0,RM014,Night,0
B042,M04,89.16,4.23,1172.0,RM014,Night,0
B042,M04,72.2,5.44,899.0,RM014,Night,0
B042,M04,95.32,5.54,1148.0,RM014,Night,0
B042,M04,78.45,5.27,1092.0,RM014,Night,0
B042,M04,97.28,4.9,1157.0,RM014,Night,0
B042,M04,87.05,4.11,1415.0,RM014,Night,0
B042,M04,73.59,5.68,,RM014,Night,0
B042,M04,82.41,5.14,1331.0,RM014,Night,0
B042,M04,88.11,5.53,1167.0,RM014,Night,0
B042,M04,86.09,5.14,1028.0,RM014,Night,0
B042,M04,75.19,4.74,1162.0,RM014,Night,0
B042,M04,87.11,4.36,1248.0,RM014,Night,0
B042,M04,71.73,4.93,1237.0,RM014,Night,0
B042,M04,70.82,4.51,1389.0,RM014,Night,0
B042,M04,,5.17,1176.0,RM014,Night,0
B042,M04,72.3,6.34,1155.0,RM014,Night,0
B042,M04,91.97,4.64,1116.0,RM014,Night,0
B042,M04,96.15,5.35,1192.0,RM014,Night,0
B042,M04,93.92,5.1,1375.0,RM014,Night,0
B042,M04,81.41,5.77,1067.0,RM014,Night,0
B042,M04,84.39,5.41,1140.0,RM014,Night,0
B042,M04,91.07,6.09,1334.0,RM014,Night,0
B042,M04,73.7,4.86,1265.0,RM014,Night,0
B042,M04,87.6,4.59,1255.0,RM014,Night,0
B042,M04,70.21,4.9,1064.0,RM014,Night,0
B042,M04,94.18,4.58,1033.0,RM014,Night,0
B042,M04,89.15,5.3,1072.0,RM014,Night,0
B042,M04,96.74,4.97,1054.0,RM014,Night,1
B042,M04,90.53,5.02,1193.0,RM014,Night,1
B042,M04,88.69,4.5,1335.0,RM014,Night,0
B042,M04,93.46,5.34,,RM014,Night,0
B042,M04,67.96,4.29,1111.0,RM014,Night,0
B042,M04,96.27,4.61,1184.0,RM014,Night,0
B042,M04,86.07,4.17,1092.0,RM014,Night,0
B042,M04,79.02,4.58,,RM014,Night,0
B042,M04,86.08,,1191.0,RM014,Night,0
B042,M04,86.02,4.62,1230.0,RM014,Night,0
B042,M04,82.29,5.86,1221.0,RM014,Night,0
B042,M04,87.76,5.61,1309.0,RM014,Night,0
B042,M04,95.77,4.7,1111.0,RM014,Night,0
B042,M04,89.37,4.73,1388.0,RM014,Night,0
B042,M04,97.74,5.49,1149.0,RM014,Night,0
B042,M04,74.89,5.13,1003.0,RM014,Night,0
B042,M04,85.15,4.78,1193.0,RM014,Night,0
B042,M04,93.35,5.39,1088.0,RM014,Night,1
B042,M04,83.71,5.04,1187.0,RM014,Night,0
B042,M04,89.72,5.45,1390.0,RM014,Night,0
B042,M04,91.78,5.36,1430.0,RM014,Night,0
B042,M04,83.28,5.24,1031.0,RM014,Night,1
B043,M01,90.8,5.1,1467.0,RM009,Night,0
B043,M01,77.16,4.63,1050.0,RM009,Night,1
B043,M01,95.04,5.29,1093.0,RM009,Night,1
B043,M01,79.88,,1414.0,RM009,Night,1
B043,M01,87.12,5.32,1234.0,RM009,Night,0
B043,M01,85.5,4.91,1415.0,RM009,Night,0
B043,M01,91.76,4.6,1396.0,RM009,Night,0
B043,M01,95.33,5.51,1193.0,RM009,Night,0
B043,M01,92.66,4.74,1167.0,RM009,Night,0
B043,M01,86.49,4.27,1362.0,RM009,Night,1
B043,M01,82.92,5.36,1213.0,RM009,Night,0
B043,M01,77.32,5.88,1257.0,RM009,Night,0
B043,M01,82.27,5.41,1279.0,RM009,Night,0
B043,M01,104.18,4.49,1241.0,RM009,Night,1
B043,M01,94.11,4.59,1179.0,RM009,Night,0
B043,M01,87.92,3.94,1367.0,RM009,Night,0
B043,M01,105.5,5.03,991.0,RM009,Night,0
B043,M01,,4.54,1383.0,RM009,Night,0
B043,M01,86.41,4.49,1072.0,RM009,Night,0
B043,M01,92.62,4.77,1175.0,RM009,Night,0
B043,M01,96.71,5.94,1414.0,RM009,Night,1
B043,M01,96.31,4.37,1266.0,RM009,Night,0
B043,M01,,5.1,1089.0,RM009,Night,0
B043,M01,96.82,5.0,990.0,RM009,Night,1
B043,M01,98.23,5.28,1225.0,RM009,Night,0
B043,M01,86.66,5.21,1368.0,RM009,Night,0
B043,M01,109.24,5.83,1401.0,RM009,Night,0
B043,M01,72.73,5.16,1070.0,RM009,Night,0
B043,M01,108.24,4.49,1386.0,RM009,Night,0
B043,M01,85.87,4.54,1049.0,RM009,Night,1
B043,M01,99.33,4.26,1148.0,RM009,Night,0
B043,M01,85.75,4.61,1258.0,RM009,Night,1
B043,M01,86.83,5.55,1229.0,RM009,Night,1
B043,M01,82.59,4.66,1110.0,RM009,Night,0
B043,M01,102.78,5.8,1172.0,RM009,Night,1
B043,M01,84.98,3.82,1208.0,RM009,Night,1
B043,M01,96.45,5.24,1152.0,RM009,Night,0
B043,M01,92.09,5.25,1123.0,RM009,Night,0
B043,M01,93.27,5.63,1337.0,RM009,Night,1
B043,M01,101.7,4.64,1128.0,RM009,Night,0
B043,M01,98.67,4.93,1497.0,RM009,Night,0
B043,M01,101.13,4.79,1153.0,RM009,Night,0
B043,M01,77.18,6.15,1169.0,RM009,Night,0
B043,M01,89.98,4.99,1297.0,RM009,Night,0
B043,M01,88.07,5.5,1239.0,RM009,Night,1
B043,M01,89.55,4.72,1292.0,RM009,Night,1
B043,M01,74.73,5.41,1025.0,RM009,Night,0
B043,M01,86.12,5.36,1088.0,RM009,Night,1
B043,M01,96.56,5.42,980.0,RM009,Night,1
B043,M01,92.97,,1215.0,RM009,Night,1
B044,M04,76.61,4.49,1202.0,RM020,Morning,0
B044,M04,77.56,4.77,1410.0,RM020,Morning,0
B044,M04,78.67,5.48,1321.0,RM020,Morning,0
B044,M04,74.5,5.66,1404.0,RM020,Morning,0
B044,M04,97.46,4.13,1162.0,RM020,Morning,0
B044,M04,98.04,4.59,1181.0,RM020,Morning,0
B044,M04,77.89,3.69,1007.0,RM020,Morning,1
B044,M04,76.36,4.39,1088.0,RM020,Morning,0
B044,M04,77.08,4.82,1135.0,RM020,Morning,0
B044,M04,,4.71,1053.0,RM020,Morning,0
B044,M04,74.5,4.27,1106.0,RM020,Morning,0
B044,M04,79.99,5.25,1037.0,RM020,Morning,0
B044,M04,,5.44,1244.0,RM020,Morning,0
B044,M04,95.98,5.92,1117.0,RM020,Morning,0
B044,M04,91.24,4.72,1250.0,RM020,Morning,0
B044,M04,92.43,5.48,1290.0,RM020,Morning,0
B044,M04,87.22,5.2,1257.0,RM020,Morning,0
B044,M04,98.23,3.92,1388.0,RM020,Morning,0
B044,M04,86.68,4.32,1187.0,RM020,Morning,0
B044,M04,80.24,4.46,1153.0,RM020,Morning,0
B044,M04,80.06,5.6,1058.0,RM020,Morning,0
B044,M04,,4.32,1011.0,RM020,Morning,0
B044,M04,86.55,5.08,1184.0,RM020,Morning,0
B044,M04,81.48,5.33,1323.0,RM020,Morning,0
B044,M04,85.77,4.55,1353.0,RM020,Morning,0
B044,M04,81.6,5.87,1180.0,RM020,Morning,0
B044,M04,86.94,4.99,1383.0,RM020,Morning,0
B044,M04,91.99,4.72,1309.0,RM020,Morning,1
B044,M04,85.72,5.46,1194.0,RM020,Morning,0
B044,M04,84.43,4.88,1147.0,RM020,Morning,0
B044,M04,97.75,4.59,1008.0,RM020,Morning,1
B044,M04,64.71,5.63,1240.0,RM020,Morning,0
B044,M04,92.99,5.22,1023.0,RM020,Morning,0
B044,M04,75.07,4.66,1094.0,RM020,Morning,0
B044,M04,93.52,5.55,1066.0,RM020,Morning,0
B044,M04,83.74,4.62,1082.0,RM020,Morning,0
B044,M04,81.12,4.98,1187.0,RM020,Morning,0
B044,M04,87.87,5.31,1273.0,RM020,Morning,0
B044,M04,86.87,5.17,1330.0,RM020,Morning,0
B044,M04,80.71,4.5,991.0,RM020,Morning,0
B044,M04,91.01,4.98,1300.0,RM020,Morning,0
B044,M04,75.85,5.47,1343.0,RM020,Morning,0
B044,M04,95.6,5.81,,RM020,Morning,0
B044,M04,97.52,5.11,1202.0,RM020,Morning,1
B044,M04,76.54,5.69,1003.0,RM020,Morning,0
B044,M04,85.0,4.34,1251.0,RM020,Morning,1
B044,M04,80.34,6.22,1171.0,RM020,Morning,0
B044,M04,87.88,,1029.0,RM020,Morning,0
B044,M04,98.83,5.09,1026.0,RM020,Morning,0
B044,M04,87.5,5.87,1200.0,RM020,Morning,0
B045,M02,83.31,3.97,1268.0,RM018,Morning,0
B045,M02,79.15,5.11,1230.0,RM018,Morning,0
B045,M02,90.93,5.61,1109.0,RM018,Morning,0
B045,M02,85.19,5.24,1181.0,RM018,Morning,0
B045,M02,75.63,4.95,1426.0,RM018,Morning,0
B045,M02,88.28,5.3,1168.0,RM018,Morning,0
B045,M02,81.07,4.83,1343.0,RM018,Morning,0
B045,M02,81.89,4.94,1225.0,RM018,Morning,1
B045,M02,67.28,,1179.0,RM018,Morning,1
B045,M02,88.11,4.52,1059.0,RM018,Morning,0
B045,M02,79.27,4.86,,RM018,Morning,0
B045,M02,67.79,4.81,1267.0,RM018,Morning,1
B045,M02,,5.53,1056.0,RM018,Morning,0
B045,M02,73.9,5.96,1105.0,RM018,Morning,0
B045,M02,105.47,4.81,1029.0,RM018,Morning,0
B045,M02,87.17,4.43,1512.0,RM018,Morning,0
B045,M02,78.91,4.61,1401.0,RM018,Morning,0
B045,M02,82.98,4.93,1340.0,RM018,Morning,0
B045,M02,81.87,4.88,1298.0,RM018,Morning,0
B045,M02,81.23,5.8,1271.0,RM018,Morning,0
B045,M02,,5.06,1241.0,RM018,Morning,0
B045,M02,96.0,5.0,1283.0,RM018,Morning,1
B045,M02,,4.73,1181.0,RM018,Morning,0
B045,M02,76.79,5.08,1029.0,RM018,Morning,0
B045,M02,79.39,4.71,1221.0,RM018,Morning,1
B045,M02,89.31,5.73,1071.0,RM018,Morning,0
B045,M02,79.09,5.19,1131.0,RM018,Morning,0
B045,M02,96.99,4.71,,RM018,Morning,0
B045,M02,83.61,5.26,1175.0,RM018,Morning,0
B045,M02,84.55,4.24,1117.0,RM018,Morning,0
B045,M02,86.99,5.84,1186.0,RM018,Morning,0
B045,M02,80.34,5.23,1037.0,RM018,Morning,0
B045,M02,69.57,4.4,1118.0,RM018,Morning,0
B045,M02,88.21,5.11,1078.0,RM018,Morning,0
B045,M02,88.07,4.52,1218.0,RM018,Morning,0
B045,M02,90.9,5.68,959.0,RM018,Morning,0
B045,M02,87.56,4.44,1166.0,RM018,Morning,0
B045,M02,90.55,5.53,1320.0,RM018,Morning,1
B045,M02,94.74,4.96,1091.0,RM018,Morning,0
B045,M02,94.54,4.31,1004.0,RM018,Morning,0
B045,M02,78.91,5.01,1126.0,RM018,Morning,0
B045,M02,86.18,5.11,1178.0,RM018,Morning,0
B045,M02,83.12,5.17,1197.0,RM018,Morning,0
B045,M02,70.96,5.43,1255.0,RM018,Morning,0
B045,M02,,4.22,1125.0,RM018,Morning,0
B045,M02,87.23,5.28,1233.0,RM018,Morning,0
B045,M02,83.81,5.12,1026.0,RM018,Morning,0
B045,M02,76.04,5.3,1180.0,RM018,Morning,1
B045,M02,84.82,5.94,1005.0,RM018,Morning,0
B045,M02,96.42,4.84,1115.0,RM018,Morning,0
B046,M03,84.76,4.28,1204.0,RM010,Evening,0
B046,M03,88.52,5.25,1184.0,RM010,Evening,1
B046,M03,94.89,4.58,1117.0,RM010,Evening,0
B046,M03,76.64,5.66,1148.0,RM010,Evening,1
B046,M03,77.72,4.66,1361.0,RM010,Evening,0
B046,M03,77.23,,1229.0,RM010,Evening,0
B046,M03,96.76,4.4,1380.0,RM010,Evening,0
B046,M03,81.31,6.01,1202.0,RM010,Evening,1
B046,M03,92.0,4.95,1452.0,RM010,Evening,1
B046,M03,78.01,4.32,1309.0,RM010,Evening,0
B046,M03,75.64,5.15,1174.0,RM010,Evening,0
B046,M03,87.18,5.39,1269.0,RM010,Evening,0
B046,M03,78.8,4.4,1352.0,RM010,Evening,0
B046,M03,80.88,4.6,1245.0,RM010,Evening,0
B046,M03,77.05,4.88,1350.0,RM010,Evening,0
B046,M03,79.59,6.0,,RM010,Evening,0
B046,M03,88.51,5.0,1035.0,RM010,Evening,0
B046,M03,85.25,4.89,1343.0,RM010,Evening,0
B046,M03,103.29,5.03,1255.0,RM010,Evening,0
B046,M03,,5.26,1090.0,RM010,Evening,0
B046,M03,81.61,,1213.0,RM010,Evening,0
B046,M03,92.02,4.95,,RM010,Evening,0
B046,M03,82.7,5.33,1249.0,RM010,Evening,0
B046,M03,89.34,4.76,1299.0,RM010,Evening,0
B046,M03,88.51,4.56,1335.0,RM010,Evening,0
B046,M03,102.87,5.37,1092.0,RM010,Evening,0
B046,M03,88.09,4.31,897.0,RM010,Evening,0
B046,M03,78.19,4.91,1124.0,RM010,Evening,1
B046,M03,93.87,4.49,1253.0,RM010,Evening,0
B046,M03,,4.46,1120.0,RM010,Evening,0
B046,M03,77.2,5.26,1104.0,RM010,Evening,0
B046,M03,76.77,5.51,1193.0,RM010,Evening,0
B046,M03,88.36,5.92,1028.0,RM010,Evening,0
B046,M03,85.01,,1202.0,RM010,Evening,0
B046,M03,86.42,4.74,1208.0,RM010,Evening,0
B046,M03,74.47,4.63,1285.0,RM010,Evening,0
B046,M03,83.13,4.39,1373.0,RM010,Evening,0
B046,M03,74.73,3.57,1310.0,RM010,Evening,1
B046,M03,86.48,5.39,1233.0,RM010,Evening,0
B046,M03,75.5,5.69,1347.0,RM010,Evening,1
B046,M03,94.93,4.76,1331.0,RM010,Evening,0
B046,M03,83.32,4.69,1125.0,RM010,Evening,0
B046,M03,86.63,5.29,1148.0,RM010,Evening,0
B046,M03,94.48,4.22,1253.0,RM010,Evening,0
B046,M03,75.96,4.91,1108.0,RM010,Evening,0
B046,M03,84.01,4.65,1277.0,RM010,Evening,0
B046,M03,93.74,5.61,1355.0,RM010,Evening,0
B046,M03,67.66,5.36,1229.0,RM010,Evening,0
B046,M03,75.65,3.76,1184.0,RM010,Evening,0
B046,M03,73.54,6.27,1196.0,RM010,Evening,0
B047,M01,104.84,4.78,1251.0,RM002,Morning,0
B047,M01,89.96,3.76,,RM002,Morning,0
B047,M01,86.93,4.64,,RM002,Morning,0
B047,M01,86.69,4.97,939.0,RM002,Morning,0
B047,M01,87.94,5.88,1073.0,RM002,Morning,1
B047,M01,88.31,5.0,1240.0,RM002,Morning,0
B047,M01,92.89,5.11,1277.0,RM002,Morning,0
B047,M01,78.58,4.16,1412.0,RM002,Morning,1
B047,M01,72.38,4.88,1374.0,RM002,Morning,0
B047,M01,101.11,4.83,1191.0,RM002,Morning,1
B047,M01,92.35,4.71,1011.0,RM002,Morning,0
B047,M01,97.19,4.9,1207.0,RM002,Morning,0
B047,M01,78.09,5.55,1111.0,RM002,Morning,0
B047,M01,85.7,5.54,1203.0,RM002,Morning,1
B047,M01,90.15,4.55,1307.0,RM002,Morning,0
B047,M01,84.85,5.37,1198.0,RM002,Morning,0
B047,M01,81.61,4.87,1241.0,RM002,Morning,0
B047,M01,73.41,4.4,1155.0,RM002,Morning,0
B047,M01,91.12,4.65,1210.0,RM002,Morning,0
B047,M01,90.78,5.57,1348.0,RM002,Morning,0
B047,M01,75.54,4.33,1180.0,RM002,Morning,0
B047,M01,96.55,4.76,1282.0,RM002,Morning,0
B047,M01,75.02,5.65,1197.0,RM002,Morning,0
B047,M01,86.59,5.36,1204.0,RM002,Morning,1
B047,M01,102.81,5.25,1186.0,RM002,Morning,1
B047,M01,95.84,5.38,938.0,RM002,Morning,0
B047,M01,77.55,4.1,1350.0,RM002,Morning,0
B047,M01,87.76,5.62,1326.0,RM002,Morning,1
B047,M01,78.37,4.6,1123.0,RM002,Morning,1
B047,M01,87.87,5.3,1182.0,RM002,Morning,0
B047,M01,80.1,5.19,1168.0,RM002,Morning,1
B047,M01,99.7,5.82,1009.0,RM002,Morning,0
B047,M01,90.64,5.11,1193.0,RM002,Morning,0
B047,M01,94.59,4.79,1227.0,RM002,Morning,0
B047,M01,92.58,5.18,1261.0,RM002,Morning,0
B047,M01,,4.86,1374.0,RM002,Morning,1
B047,M01,83.23,6.24,1120.0,RM002,Morning,1
B047,M01,93.24,5.04,924.0,RM002,Morning,0
B047,M01,82.11,5.64,1195.0,RM002,Morning,0
B047,M01,86.45,4.81,1026.0,RM002,Morning,0
B047,M01,82.58,5.66,1191.0,RM002,Morning,0
B047,M01,,4.73,1150.0,RM002,Morning,0
B047,M01,111.97,,1177.0,RM002,Morning,0
B047,M01,93.23,5.54,1325.0,RM002,Morning,0
B047,M01,109.99,4.74,1158.0,RM002,Morning,0
B047,M01,85.46,5.17,1226.0,RM002,Morning,0
B047,M01,94.23,5.31,1198.0,RM002,Morning,1
B047,M01,88.34,5.13,1344.0,RM002,Morning,0
B047,M01,80.97,5.06,1323.0,RM002,Morning,0
B047,M01,90.66,4.93,1197.0,RM002,Morning,0
B048,M02,79.47,5.43,1228.0,RM001,Evening,0
B048,M02,89.04,4.76,887.0,RM001,Evening,0
B048,M02,91.53,4.98,1319.0,RM001,Evening,0
B048,M02,76.63,5.64,1249.0,RM001,Evening,0
B048,M02,87.12,5.91,1249.0,RM001,Evening,1
B048,M02,94.87,5.13,1213.0,RM001,Evening,0
B048,M02,93.26,5.01,1314.0,RM001,Evening,0
B048,M02,86.66,4.45,1166.0,RM001,Evening,0
B048,M02,82.83,4.94,1329.0,RM001,Evening,0
B048,M02,87.07,4.65,1061.0,RM001,Evening,0
B048,M02,75.48,4.82,1241.0,RM001,Evening,1
B048,M02,90.57,4.71,1476.0,RM001,Evening,1
B048,M02,97.2,4.71,1294.0,RM001,Evening,0
B048,M02,90.86,5.18,,RM001,Evening,1
B048,M02,,5.33,1009.0,RM001,Evening,0
B048,M02,90.56,5.29,1296.0,RM001,Evening,0
B048,M02,90.62,5.58,1113.0,RM001,Evening,1
B048,M02,90.31,5.84,1171.0,RM001,Evening,0
B048,M02,91.05,5.56,1171.0,RM001,Evening,0
B048,M02,79.6,4.78,,RM001,Evening,0
B048,M02,78.38,5.05,1139.0,RM001,Evening,0
B048,M02,84.42,5.21,1110.0,RM001,Evening,1
B048,M02,82.85,5.21,1221.0,RM001,Evening,0
B048,M02,88.68,5.33,1296.0,RM001,Evening,1
B048,M02,83.27,4.81,1075.0,RM001,Evening,1
B048,M02,97.38,4.2,1178.0,RM001,Evening,0
B048,M02,89.59,5.68,1301.0,RM001,Evening,1
B048,M02,91.97,5.88,1328.0,RM001,Evening,0
B048,M02,86.42,4.54,1208.0,RM001,Evening,1
B048,M02,93.89,4.52,1449.0,RM001,Evening,0
B048,M02,93.4,5.08,1213.0,RM001,Evening,1
B048,M02,93.69,4.94,1388.0,RM001,Evening,0
B048,M02,82.69,4.97,,RM001,Evening,1
B048,M02,87.12,4.74,1082.0,RM001,Evening,0
B048,M02,82.88,4.96,1249.0,RM001,Evening,0
B048,M02,91.41,4.58,1171.0,RM001,Evening,0
B048,M02,77.43,4.23,1024.0,RM001,Evening,0
B048,M02,77.36,5.32,1425.0,RM001,Evening,0
B048,M02,88.2,5.2,1423.0,RM001,Evening,0
B048,M02,77.35,5.05,1546.0,RM001,Evening,1
B048,M02,83.36,5.05,1170.0,RM001,Evening,1
B048,M02,89.56,4.67,1312.0,RM001,Evening,0
B048,M02,98.49,4.62,1277.0,RM001,Evening,1
B048,M02,,4.72,1249.0,RM001,Evening,1
B048,M02,90.15,5.41,1197.0,RM001,Evening,1
B048,M02,89.63,4.43,1175.0,RM001,Evening,0
B048,M02,93.85,5.46,1240.0,RM001,Evening,1
B048,M02,69.61,4.92,,RM001,Evening,0
B048,M02,83.0,5.69,1388.0,RM001,Evening,0
B048,M02,73.43,4.98,1074.0,RM001,Evening,0
B049,M06,81.05,4.86,1115.0,RM016,Evening,1
B049,M06,85.89,5.21,1282.0,RM016,Evening,0
B049,M06,77.36,5.14,1328.0,RM016,Evening,0
B049,M06,84.71,,1241.0,RM016,Evening,0
B049,M06,98.17,5.26,1254.0,RM016,Evening,0
B049,M06,75.6,4.82,1123.0,RM016,Evening,0
B049,M06,85.01,5.88,1237.0,RM016,Evening,0
B049,M06,87.25,5.36,909.0,RM016,Evening,0
B049,M06,94.68,4.65,1264.0,RM016,Evening,0
B049,M06,68.02,4.98,1149.0,RM016,Evening,1
B049,M06,82.74,4.87,1259.0,RM016,Evening,0
B049,M06,77.82,5.19,1393.0,RM016,Evening,0
B049,M06,90.81,5.05,1252.0,RM016,Evening,1
B049,M06,88.6,4.54,1233.0,RM016,Evening,0
B049,M06,93.13,5.2,1094.0,RM016,Evening,0
B049,M06,94.89,5.87,1365.0,RM016,Evening,0
B049,M06,85.5,5.61,1134.0,RM016,Evening,0
B049,M06,88.7,5.54,1069.0,RM016,Evening,0
B049,M06,81.32,4.36,1420.0,RM016,Evening,0
B049,M06,90.05,5.18,966.0,RM016,Evening,0
B049,M06,81.29,5.5,1242.0,RM016,Evening,0
B049,M06,87.1,5.85,1140.0,RM016,Evening,0
B049,M06,87.96,4.94,1020.0,RM016,Evening,0
B049,M06,82.98,5.33,1250.0,RM016,Evening,0
B049,M06,85.51,5.67,1047.0,RM016,Evening,0
B049,M06,93.26,4.91,918.0,RM016,Evening,0
B049,M06,82.84,5.49,1193.0,RM016,Evening,1
B049,M06,,4.94,1261.0,RM016,Evening,1
B049,M06,86.98,5.58,1311.0,RM016,Evening,0
B049,M06,85.66,5.95,1020.0,RM016,Evening,0
B049,M06,95.7,5.79,1306.0,RM016,Evening,0
B049,M06,97.68,5.33,1191.0,RM016,Evening,1
B049,M06,96.41,5.7,1219.0,RM016,Evening,0
B049,M06,68.82,5.22,,RM016,Evening,0
B049,M06,92.71,4.46,1304.0,RM016,Evening,0
B049,M06,88.12,4.96,1327.0,RM016,Evening,1
B049,M06,82.59,5.12,1179.0,RM016,Evening,0
B049,M06,92.55,4.71,1075.0,RM016,Evening,0
B049,M06,84.25,4.86,1293.0,RM016,Evening,1
B049,M06,73.85,4.14,997.0,RM016,Evening,0
B049,M06,91.75,5.02,1202.0,RM016,Evening,1
B049,M06,83.55,5.39,1198.0,RM016,Evening,0
B049,M06,100.76,5.14,1203.0,RM016,Evening,1
B049,M06,85.07,5.16,1242.0,RM016,Evening,0
B049,M06,97.55,5.21,1513.0,RM016,Evening,0
B049,M06,79.37,,1168.0,RM016,Evening,0
B049,M06,97.33,5.23,1045.0,RM016,Evening,0
B049,M06,89.93,5.93,1101.0,RM016,Evening,0
B049,M06,82.7,5.16,1031.0,RM016,Evening,0
B049,M06,100.31,5.33,,RM016,Evening,0
B050,M01,106.17,5.64,1176.0,RM018,Night,0
B050,M01,104.77,4.18,1027.0,RM018,Night,1
B050,M01,98.15,4.94,1251.0,RM018,Night,0
B050,M01,,5.06,1320.0,RM018,Night,0
B050,M01,87.69,5.81,1244.0,RM018,Night,0
B050,M01,95.75,4.25,901.0,RM018,Night,1
B050,M01,105.42,5.71,1315.0,RM018,Night,1
B050,M01,,5.6,1281.0,RM018,Night,1
B050,M01,82.18,5.88,1044.0,RM018,Night,1
B050,M01,87.15,4.53,1200.0,RM018,Night,0
B050,M01,94.26,4.77,1106.0,RM018,Night,0
B050,M01,83.37,3.62,1105.0,RM018,Night,1
B050,M01,71.15,4.45,1248.0,RM018,Night,0
B050,M01,73.47,5.47,1140.0,RM018,Night,0
B050,M01,86.58,5.94,1333.0,RM018,Night,0
B050,M01,97.24,5.07,1156.0,RM018,Night,0
B050,M01,83.9,5.62,1123.0,RM018,Night,1
B050,M01,86.91,5.56,1306.0,RM018,Night,0
B050,M01,86.59,5.73,1320.0,RM018,Night,1
B050,M01,88.96,5.77,1139.0,RM018,Night,1
B050,M01,83.9,4.71,1115.0,RM018,Night,0
B050,M01,90.38,6.18,1181.0,RM018,Night,0
B050,M01,90.17,5.1,1130.0,RM018,Night,0
B050,M01,107.29,5.09,1280.0,RM018,Night,0
B050,M01,,4.91,1309.0,RM018,Night,1
B050,M01,95.01,5.2,1227.0,RM018,Night,1
B050,M01,99.36,5.18,1344.0,RM018,Night,0
B050,M01,99.32,5.3,1272.0,RM018,Night,1
B050,M01,85.28,4.27,1027.0,RM018,Night,0
B050,M01,82.42,4.84,1101.0,RM018,Night,0
B050,M01,93.01,5.44,1239.0,RM018,Night,0
B050,M01,94.07,5.92,1405.0,RM018,Night,0
B050,M01,86.73,4.7,1090.0,RM018,Night,1
B050,M01,87.42,5.51,1242.0,RM018,Night,1
B050,M01,91.12,4.64,1107.0,RM018,Night,1
B050,M01,100.01,5.52,962.0,RM018,Night,1
B050,M01,103.22,5.5,1229.0,RM018,Night,1
B050,M01,83.48,4.87,1133.0,RM018,Night,1
B050,M01,111.26,4.28,1266.0,RM018,Night,0
B050,M01,87.91,4.82,1167.0,RM018,Night,1
B050,M01,,5.22,1192.0,RM018,Night,0
B050,M01,95.13,5.71,1245.0,RM018,Night,0
B050,M01,96.75,4.85,1074.0,RM018,Night,0
B050,M01,83.87,4.48,1107.0,RM018,Night,0
B050,M01,108.32,4.53,1031.0,RM018,Night,0
B050,M01,93.25,5.07,1044.0,RM018,Night,0
B050,M01,87.91,4.52,1233.0,RM018,Night,1
B050,M01,79.11,5.57,1176.0,RM018,Night,0
B050,M01,93.67,4.94,1248.0,RM018,Night,0
B050,M01,77.22,4.6,1203.0,RM018,Night,0
B051,M06,85.46,5.02,1267.0,RM005,Morning,0
B051,M06,80.02,4.86,1283.0,RM005,Morning,0
B051,M06,90.38,5.06,1272.0,RM005,Morning,0
B051,M06,85.64,4.93,1098.0,RM005,Morning,0
B051,M06,79.63,5.63,1306.0,RM005,Morning,0
B051,M06,82.65,4.61,1041.0,RM005,Morning,0
B051,M06,89.39,3.98,1096.0,RM005,Morning,0
B051,M06,87.98,4.3,1202.0,RM005,Morning,0
B051,M06,99.58,6.4,1257.0,RM005,Morning,0
B051,M06,93.34,4.58,1245.0,RM005,Morning,0
B051,M06,74.6,4.75,1240.0,RM005,Morning,1
B051,M06,95.87,4.51,1431.0,RM005,Morning,0
B051,M06,89.79,5.55,1039.0,RM005,Morning,0
B051,M06,73.66,4.2,1226.0,RM005,Morning,0
B051,M06,85.78,4.41,1216.0,RM005,Morning,0
B051,M06,94.69,5.46,1182.0,RM005,Morning,0
B051,M06,98.8,4.63,1226.0,RM005,Morning,0
B051,M06,82.56,4.67,1205.0,RM005,Morning,0
B051,M06,93.22,5.01,1207.0,RM005,Morning,0
B051,M06,79.38,5.45,1149.0,RM005,Morning,0
B051,M06,,4.54,1233.0,RM005,Morning,0
B051,M06,91.34,4.99,1409.0,RM005,Morning,0
B051,M06,85.26,4.87,946.0,RM005,Morning,0
B051,M06,72.18,4.48,1281.0,RM005,Morning,0
B051,M06,83.34,4.66,1057.0,RM005,Morning,0
B051,M06,82.22,5.17,,RM005,Morning,0
B051,M06,80.8,5.82,1374.0,RM005,Morning,0
B051,M06,85.16,4.47,1291.0,RM005,Morning,0
B051,M06,87.81,5.88,1208.0,RM005,Morning,0
B051,M06,84.15,5.2,1261.0,RM005,Morning,0
B051,M06,84.66,4.99,1137.0,RM005,Morning,0
B051,M06,95.47,4.34,1060.0,RM005,Morning,0
B051,M06,82.56,,1040.0,RM005,Morning,0
B051,M06,89.59,5.05,1303.0,RM005,Morning,0
B051,M06,85.95,4.49,1434.0,RM005,Morning,0
B051,M06,88.53,5.76,1357.0,RM005,Morning,1
B051,M06,80.58,5.62,1105.0,RM005,Morning,0
B051,M06,74.46,5.58,1151.0,RM005,Morning,0
B051,M06,95.52,5.29,1228.0,RM005,Morning,0
B051,M06,84.96,5.25,1205.0,RM005,Morning,0
B051,M06,92.37,5.09,1177.0,RM005,Morning,0
B051,M06,82.44,,1224.0,RM005,Morning,0
B051,M06,92.17,5.47,,RM005,Morning,0
B051,M06,82.13,5.81,1331.0,RM005,Morning,0
B051,M06,93.89,5.2,1010.0,RM005,Morning,0
B051,M06,75.22,5.41,1267.0,RM005,Morning,0
B051,M06,89.15,4.86,1352.0,RM005,Morning,0
B051,M06,84.55,4.49,1173.0,RM005,Morning,0
B051,M06,81.26,5.1,1210.0,RM005,Morning,0
B051,M06,87.23,5.71,1336.0,RM005,Morning,0
B052,M01,99.75,5.7,1108.0,RM009,Night,0
B052,M01,83.85,4.09,1217.0,RM009,Night,1
B052,M01,89.07,,1247.0,RM009,Night,0
B052,M01,100.39,5.17,1243.0,RM009,Night,0
B052,M01,79.8,5.2,1326.0,RM009,Night,0
B052,M01,106.44,4.5,1046.0,RM009,Night,0
B052,M01,83.78,4.71,1393.0,RM009,Night,0
B052,M01,,5.09,1130.0,RM009,Night,0
B052,M01,84.98,4.79,1198.0,RM009,Night,1
B052,M01,94.99,4.16,1329.0,RM009,Night,0
B052,M01,93.9,5.07,1165.0,RM009,Night,0
B052,M01,84.36,6.09,1069.0,RM009,Night,1
B052,M01,83.83,5.59,1055.0,RM009,Night,1
B052,M01,88.74,4.45,1069.0,RM009,Night,1
B052,M01,88.48,4.84,990.0,RM009,Night,1
B052,M01,90.54,5.88,1079.0,RM009,Night,0
B052,M01,,5.12,946.0,RM009,Night,0
B052,M01,93.33,5.88,1232.0,RM009,Night,0
B052,M01,92.83,5.44,1120.0,RM009,Night,0
B052,M01,85.87,4.66,1268.0,RM009,Night,0
B052,M01,81.24,4.74,1129.0,RM009,Night,0
B052,M01,94.2,5.07,1374.0,RM009,Night,0
B052,M01,84.63,5.28,1147.0,RM009,Night,0
B052,M01,102.13,4.85,1163.0,RM009,Night,1
B052,M01,83.51,4.47,1204.0,RM009,Night,0
B052,M01,91.96,5.26,890.0,RM009,Night,0
B052,M01,86.68,4.91,1100.0,RM009,Night,1
B052,M01,83.29,5.0,1366.0,RM009,Night,0
B052,M01,75.43,5.12,1261.0,RM009,Night,0
B052,M01,,4.5,1072.0,RM009,Night,0
B052,M01,86.79,4.05,1173.0,RM009,Night,0
B052,M01,81.08,4.79,1385.0,RM009,Night,1
B052,M01,95.28,5.34,1075.0,RM009,Night,0
B052,M01,86.06,5.1,1252.0,RM009,Night,0
B052,M01,85.05,,,RM009,Night,1
B052,M01,71.99,4.25,1409.0,RM009,Night,1
B052,M01,89.64,5.82,1270.0,RM009,Night,1
B052,M01,97.21,5.44,1181.0,RM009,Night,0
B052,M01,92.93,4.89,1252.0,RM009,Night,1
B052,M01,83.8,4.56,1403.0,RM009,Night,1
B052,M01,97.89,5.43,1274.0,RM009,Night,0
B052,M01,76.43,4.67,1425.0,RM009,Night,0
B052,M01,86.09,5.95,1483.0,RM009,Night,1
B052,M01,92.36,5.0,1218.0,RM009,Night,0
B052,M01,84.46,4.71,1183.0,RM009,Night,0
B052,M01,91.65,4.96,1219.0,RM009,Night,0
B052,M01,79.18,4.24,1136.0,RM009,Night,1
B052,M01,84.53,4.62,1312.0,RM009,Night,0
B052,M01,80.56,4.96,1241.0,RM009,Night,0
B052,M01,102.64,4.67,1135.0,RM009,Night,1
B053,M01,84.06,4.93,1405.0,RM010,Evening,0
B053,M01,98.39,5.08,1186.0,RM010,Evening,0
B053,M01,66.99,4.96,1071.0,RM010,Evening,0
B053,M01,78.74,4.46,1291.0,RM010,Evening,1
B053,M01,87.57,5.09,1277.0,RM010,Evening,0
B053,M01,101.76,5.35,972.0,RM010,Evening,0
B053,M01,94.12,4.91,1368.0,RM010,Evening,1
B053,M01,89.32,5.07,1272.0,RM010,Evening,0
B053,M01,99.49,5.38,1193.0,RM010,Evening,1
B053,M01,89.64,5.18,1315.0,RM010,Evening,0
B053,M01,86.31,5.26,1256.0,RM010,Evening,0
B053,M01,104.8,5.28,1271.0,RM010,Evening,1
B053,M01,95.77,5.31,1308.0,RM010,Evening,0
B053,M01,89.79,5.75,1090.0,RM010,Evening,0
B053,M01,89.21,5.59,1398.0,RM010,Evening,0
B053,M01,90.88,6.07,1140.0,RM010,Evening,0
B053,M01,104.02,5.28,1285.0,RM010,Evening,0
B053,M01,91.09,5.45,,RM010,Evening,0
B053,M01,82.98,4.85,925.0,RM010,Evening,0
B053,M01,94.38,4.56,1287.0,RM010,Evening,0
B053,M01,83.93,5.11,1294.0,RM010,Evening,0
B053,M01,87.26,,1309.0,RM010,Evening,0
B053,M01,,5.4,1063.0,RM010,Evening,0
B053,M01,87.43,4.32,1118.0,RM010,Evening,0
B053,M01,92.5,5.01,1136.0,RM010,Evening,0
B053,M01,86.91,4.75,1283.0,RM010,Evening,0
B053,M01,87.27,4.95,1158.0,RM010,Evening,1
B053,M01,89.71,4.23,1143.0,RM010,Evening,0
B053,M01,106.04,4.73,1142.0,RM010,Evening,0
B053,M01,97.91,5.14,1302.0,RM010,Evening,0
B053,M01,90.93,5.0,1145.0,RM010,Evening,0
B053,M01,91.01,5.09,1243.0,RM010,Evening,0
B053,M01,82.79,4.75,1057.0,RM010,Evening,0
B053,M01,91.2,4.85,955.0,RM010,Evening,0
B053,M01,92.6,5.63,1132.0,RM010,Evening,0
B053,M01,104.77,5.29,1177.0,RM010,Evening,0
B053,M01,95.41,5.44,1266.0,RM010,Evening,0
B053,M01,104.48,4.38,1237.0,RM010,Evening,0
B053,M01,85.43,,1241.0,RM010,Evening,0
B053,M01,,5.43,1209.0,RM010,Evening,0
B053,M01,84.86,4.83,1361.0,RM010,Evening,0
B053,M01,85.08,4.84,1006.0,RM010,Evening,1
B053,M01,77.48,4.84,1218.0,RM010,Evening,0
B053,M01,95.81,4.95,1338.0,RM010,Evening,1
B053,M01,82.23,4.71,,RM010,Evening,0
B053,M01,74.83,4.51,1280.0,RM010,Evening,0
B053,M01,89.61,4.5,1305.0,RM010,Evening,0
B053,M01,90.92,4.13,1253.0,RM010,Evening,1
B053,M01,83.32,5.17,1269.0,RM010,Evening,1
B053,M01,83.92,4.58,1187.0,RM010,Evening,0
B054,M05,67.55,4.62,1039.0,RM012,Night,0
B054,M05,88.86,5.95,1286.0,RM012,Night,0
B054,M05,84.91,4.69,1080.0,RM012,Night,1
B054,M05,83.13,4.5,1173.0,RM012,Night,1
B054,M05,80.4,5.33,1307.0,RM012,Night,0
B054,M05,96.89,4.87,1322.0,RM012,Night,0
B054,M05,70.74,5.44,1448.0,RM012,Night,0
B054,M05,84.8,4.88,1265.0,RM012,Night,1
B054,M05,72.26,5.45,1046.0,RM012,Night,0
B054,M05,101.97,4.96,1054.0,RM012,Night,1
B054,M05,77.67,5.16,1102.0,RM012,Night,0
B054,M05,82.68,5.71,1247.0,RM012,Night,0
B054,M05,82.12,5.67,1182.0,RM012,Night,0
B054,M05,83.23,5.53,1090.0,RM012,Night,1
B054,M05,72.52,5.51,1220.0,RM012,Night,0
B054,M05,92.26,5.57,1287.0,RM012,Night,0
B054,M05,95.26,5.57,1086.0,RM012,Night,1
B054,M05,67.32,5.02,896.0,RM012,Night,0
B054,M05,86.29,5.33,1059.0,RM012,Night,0
B054,M05,83.89,5.39,1157.0,RM012,Night,1
B054,M05,77.83,5.4,1271.0,RM012,Night,0
B054,M05,80.22,4.97,1263.0,RM012,Night,1
B054,M05,98.15,4.03,1146.0,RM012,Night,1
B054,M05,,,1043.0,RM012,Night,0
B054,M05,90.62,4.49,1189.0,RM012,Night,0
B054,M05,89.43,4.76,1187.0,RM012,Night,0
B054,M05,86.36,4.19,1362.0,RM012,Night,0
B054,M05,75.48,5.08,1128.0,RM012,Night,0
B054,M05,78.57,4.27,1463.0,RM012,Night,0
B054,M05,74.19,4.62,1184.0,RM012,Night,0
B054,M05,87.34,5.58,1248.0,RM012,Night,0
B054,M05,86.94,5.01,1335.0,RM012,Night,0
B054,M05,75.07,5.22,1149.0,RM012,Night,0
B054,M05,76.89,5.45,,RM012,Night,0
B054,M05,96.1,5.65,1338.0,RM012,Night,0
B054,M05,94.3,5.01,1287.0,RM012,Night,0
B054,M05,78.7,4.66,,RM012,Night,0
B054,M05,95.09,5.66,1370.0,RM012,Night,0
B054,M05,97.45,5.24,960.0,RM012,Night,0
B054,M05,92.28,4.71,1077.0,RM012,Night,0
B054,M05,89.54,5.16,1175.0,RM012,Night,1
B054,M05,93.89,4.61,1254.0,RM012,Night,0
B054,M05,83.87,3.6,1114.0,RM012,Night,0
B054,M05,78.47,,1299.0,RM012,Night,0
B054,M05,85.57,5.11,1174.0,RM012,Night,0
B054,M05,83.34,5.84,1250.0,RM012,Night,0
B054,M05,79.39,5.27,1217.0,RM012,Night,0
B054,M05,77.2,5.5,1260.0,RM012,Night,0
B054,M05,99.26,4.85,1290.0,RM012,Night,0
B054,M05,90.61,5.2,1338.0,RM012,Night,0
B055,M02,85.63,4.7,1179.0,RM016,Morning,0
B055,M02,73.54,5.86,1324.0,RM016,Morning,0
B055,M02,90.46,4.77,1172.0,RM016,Morning,0
B055,M02,95.71,5.4,1329.0,RM016,Morning,0
B055,M02,102.21,5.23,1300.0,RM016,Morning,1
B055,M02,89.45,5.21,1438.0,RM016,Morning,0
B055,M02,88.47,4.72,1233.0,RM016,Morning,0
B055,M02,89.97,5.59,1053.0,RM016,Morning,0
B055,M02,76.43,4.7,1385.0,RM016,Morning,0
B055,M02,89.11,4.51,1100.0,RM016,Morning,0
B055,M02,80.23,,1340.0,RM016,Morning,0
B055,M02,74.3,4.72,1207.0,RM016,Morning,1
B055,M02,79.36,4.91,1283.0,RM016,Morning,0
B055,M02,88.82,5.62,1119.0,RM016,Morning,1
B055,M02,95.03,4.31,,RM016,Morning,1
B055,M02,82.9,5.43,1158.0,RM016,Morning,0
B055,M02,73.08,5.93,1134.0,RM016,Morning,1
B055,M02,102.73,3.9,1226.0,RM016,Morning,0
B055,M02,86.51,4.99,1042.0,RM016,Morning,0
B055,M02,95.68,5.42,1300.0,RM016,Morning,0
B055,M02,80.44,4.98,1269.0,RM016,Morning,0
B055,M02,76.42,4.53,1041.0,RM016,Morning,1
B055,M02,88.97,4.99,1057.0,RM016,Morning,0
B055,M02,83.2,4.65,1212.0,RM016,Morning,0
B055,M02,86.9,5.23,1149.0,RM016,Morning,0
B055,M02,92.25,5.38,1319.0,RM016,Morning,0
B055,M02,69.8,4.92,1096.0,RM016,Morning,0
B055,M02,94.63,5.81,999.0,RM016,Morning,0
B055,M02,85.26,4.97,968.0,RM016,Morning,0
B055,M02,105.47,4.87,1233.0,RM016,Morning,0
B055,M02,88.55,4.36,1187.0,RM016,Morning,0
B055,M02,89.13,5.17,1210.0,RM016,Morning,0
B055,M02,87.24,5.32,1341.0,RM016,Morning,0
B055,M02,88.3,4.69,1333.0,RM016,Morning,0
B055,M02,78.76,5.04,1207.0,RM016,Morning,0
B055,M02,79.66,4.22,1299.0,RM016,Morning,1
B055,M02,89.88,5.03,1190.0,RM016,Morning,0
B055,M02,87.55,5.17,1230.0,RM016,Morning,0
B055,M02,83.07,4.89,1106.0,RM016,Morning,0
B055,M02,84.74,5.46,1039.0,RM016,Morning,0
B055,M02,80.28,4.95,1188.0,RM016,Morning,1
B055,M02,69.72,4.22,1320.0,RM016,Morning,0
B055,M02,78.1,5.79,1179.0,RM016,Morning,0
B055,M02,98.8,5.72,1199.0,RM016,Morning,1
B055,M02,72.76,4.28,1088.0,RM016,Morning,1
B055,M02,82.94,5.4,1095.0,RM016,Morning,0
B055,M02,82.64,4.5,1302.0,RM016,Morning,0
B055,M02,102.38,4.37,1243.0,RM016,Morning,0
B055,M02,75.18,4.51,1290.0,RM016,Morning,1
B055,M02,88.04,4.78,,RM016,Morning,0
B056,M05,81.36,4.67,997.0,RM017,Night,0
B056,M05,78.03,5.76,1305.0,RM017,Night,1
B056,M05,78.53,4.83,1331.0,RM017,Night,0
B056,M05,76.93,4.85,1048.0,RM017,Night,0
B056,M05,,5.61,1066.0,RM017,Night,1
B056,M05,79.4,4.73,1188.0,RM017,Night,0
B056,M05,87.42,4.63,1456.0,RM017,Night,0
B056,M05,79.84,3.71,1283.0,RM017,Night,0
B056,M05,81.58,5.35,1157.0,RM017,Night,0
B056,M05,92.35,4.63,1165.0,RM017,Night,0
B056,M05,70.72,5.63,1319.0,RM017,Night,0
B056,M05,93.99,5.53,1247.0,RM017,Night,0
B056,M05,87.12,5.25,1145.0,RM017,Night,0
B056,M05,84.62,5.3,1373.0,RM017,Night,0
B056,M05,73.49,5.02,1186.0,RM017,Night,0
B056,M05,91.13,6.18,1304.0,RM017,Night,0
B056,M05,94.71,3.62,1097.0,RM017,Night,0
B056,M05,81.21,4.64,,RM017,Night,0
B056,M05,81.25,5.69,1207.0,RM017,Night,0
B056,M05,78.41,5.3,1211.0,RM017,Night,0
B056,M05,91.16,4.8,1060.0,RM017,Night,0
B056,M05,79.9,4.24,1158.0,RM017,Night,0
B056,M05,89.77,5.05,1067.0,RM017,Night,0
B056,M05,76.36,5.03,1152.0,RM017,Night,0
B056,M05,,5.11,1077.0,RM017,Night,0
B056,M05,72.85,5.03,1333.0,RM017,Night,0
B056,M05,,4.71,936.0,RM017,Night,1
B056,M05,86.13,4.24,1245.0,RM017,Night,0
B056,M05,78.03,4.96,969.0,RM017,Night,1
B056,M05,72.66,5.71,1065.0,RM017,Night,0
B056,M05,83.8,4.52,1297.0,RM017,Night,1
B056,M05,74.58,4.23,1190.0,RM017,Night,0
B056,M05,89.0,5.24,1452.0,RM017,Night,1
B056,M05,84.74,5.55,1272.0,RM017,Night,0
B056,M05,88.58,4.84,,RM017,Night,0
B056,M05,,4.87,1196.0,RM017,Night,0
B056,M05,79.23,4.66,1306.0,RM017,Night,1
B056,M05,95.92,5.16,1247.0,RM017,Night,0
B056,M05,87.97,4.83,1010.0,RM017,Night,0
B056,M05,93.78,4.85,949.0,RM017,Night,0
B056,M05,83.18,5.23,1491.0,RM017,Night,0
B056,M05,89.65,4.53,999.0,RM017,Night,0
B056,M05,90.29,4.58,1273.0,RM017,Night,0
B056,M05,91.98,5.08,1376.0,RM017,Night,0
B056,M05,91.17,5.69,1203.0,RM017,Night,0
B056,M05,80.95,4.37,1441.0,RM017,Night,0
B056,M05,83.9,6.0,1183.0,RM017,Night,0
B056,M05,85.01,4.76,1186.0,RM017,Night,0
B056,M05,89.75,6.18,941.0,RM017,Night,0
B056,M05,73.26,4.88,1056.0,RM017,Night,0
B057,M02,78.27,4.84,1240.0,RM003,Evening,0
B057,M02,88.8,4.69,1222.0,RM003,Evening,0
B057,M02,100.94,4.04,1269.0,RM003,Evening,0
B057,M02,84.14,4.41,1069.0,RM003,Evening,0
B057,M02,99.61,5.86,1158.0,RM003,Evening,1
B057,M02,78.38,4.9,1133.0,RM003,Evening,0
B057,M02,96.89,5.37,1169.0,RM003,Evening,0
B057,M02,89.85,3.81,1169.0,RM003,Evening,0
B057,M02,77.33,5.41,1081.0,RM003,Evening,1
B057,M02,80.96,4.71,1285.0,RM003,Evening,0
B057,M02,73.37,5.43,1151.0,RM003,Evening,1
B057,M02,75.05,5.32,1297.0,RM003,Evening,0
B057,M02,,5.16,1147.0,RM003,Evening,0
B057,M02,73.58,5.12,1210.0,RM003,Evening,0
B057,M02,91.24,5.46,1105.0,RM003,Evening,0
B057,M02,89.48,5.16,1233.0,RM003,Evening,1
B057,M02,79.24,5.46,1042.0,RM003,Evening,0
B057,M02,86.77,4.09,1153.0,RM003,Evening,0
B057,M02,86.86,5.3,1317.0,RM003,Evening,0
B057,M02,84.05,3.45,1051.0,RM003,Evening,0
B057,M02,100.41,5.5,1153.0,RM003,Evening,1
B057,M02,78.93,4.82,1296.0,RM003,Evening,0
B057,M02,72.88,4.81,1099.0,RM003,Evening,1
B057,M02,78.66,5.86,1384.0,RM003,Evening,1
B057,M02,85.2,4.71,1156.0,RM003,Evening,1
B057,M02,82.72,5.18,1247.0,RM003,Evening,1
B057,M02,81.52,5.69,1278.0,RM003,Evening,0
B057,M02,77.62,5.18,969.0,RM003,Evening,1
B057,M02,97.66,5.04,1155.0,RM003,Evening,0
B057,M02,87.12,5.27,1353.0,RM003,Evening,1
B057,M02,81.15,5.4,1078.0,RM003,Evening,1
B057,M02,92.29,5.41,1301.0,RM003,Evening,0
B057,M02,83.4,5.04,1160.0,RM003,Evening,0
B057,M02,85.07,6.38,1090.0,RM003,Evening,0
B057,M02,93.56,5.03,1400.0,RM003,Evening,1
B057,M02,97.17,5.11,1362.0,RM003,Evening,1
B057,M02,77.0,,1444.0,RM003,Evening,0
B057,M02,79.47,5.89,1184.0,RM003,Evening,0
B057,M02,87.04,6.23,1444.0,RM003,Evening,0
B057,M02,92.4,5.89,1048.0,RM003,Evening,0
B057,M02,86.85,5.16,1334.0,RM003,Evening,0
B057,M02,87.09,4.65,1314.0,RM003,Evening,0
B057,M02,94.09,5.06,1176.0,RM003,Evening,0
B057,M02,81.72,5.85,1040.0,RM003,Evening,0
B057,M02,69.61,4.85,1333.0,RM003,Evening,1
B057,M02,81.76,5.64,1060.0,RM003,Evening,0
B057,M02,,5.44,1305.0,RM003,Evening,0
B057,M02,77.11,4.4,1378.0,RM003,Evening,0
B057,M02,96.44,4.96,1157.0,RM003,Evening,0
B057,M02,98.31,5.36,1159.0,RM003,Evening,0
B058,M04,93.09,5.22,1355.0,RM008,Night,0
B058,M04,78.15,4.52,1228.0,RM008,Night,0
B058,M04,94.6,5.18,1189.0,RM008,Night,0
B058,M04,91.68,4.5,1051.0,RM008,Night,0
B058,M04,88.48,4.84,1064.0,RM008,Night,1
B058,M04,77.03,4.79,1201.0,RM008,Night,0
B058,M04,76.94,4.76,1093.0,RM008,Night,0
B058,M04,90.42,5.22,1289.0,RM008,Night,1
B058,M04,91.71,4.98,1374.0,RM008,Night,0
B058,M04,94.97,3.72,1432.0,RM008,Night,0
B058,M04,82.37,3.93,1161.0,RM008,Night,0
B058,M04,90.19,4.88,1435.0,RM008,Night,0
B058,M04,83.36,5.38,1272.0,RM008,Night,0
B058,M04,91.75,4.86,998.0,RM008,Night,0
B058,M04,84.64,5.21,1128.0,RM008,Night,0
B058,M04,100.52,5.52,1237.0,RM008,Night,1
B058,M04,101.03,6.0,990.0,RM008,Night,1
B058,M04,,5.25,1087.0,RM008,Night,0
B058,M04,89.33,4.3,1099.0,RM008,Night,0
B058,M04,84.78,4.61,1379.0,RM008,Night,0
B058,M04,80.16,5.53,1365.0,RM008,Night,0
B058,M04,77.07,5.44,1240.0,RM008,Night,0
B058,M04,87.53,,1328.0,RM008,Night,1
B058,M04,87.96,5.92,1084.0,RM008,Night,0
B058,M04,77.04,,1114.0,RM008,Night,0
B058,M04,87.33,5.39,1268.0,RM008,Night,0
B058,M04,84.11,4.88,1362.0,RM008,Night,0
B058,M04,103.47,4.94,1262.0,RM008,Night,0
B058,M04,84.68,,1232.0,RM008,Night,0
B058,M04,92.0,5.27,1368.0,RM008,Night,0
B058,M04,101.83,5.14,1462.0,RM008,Night,0
B058,M04,87.71,5.09,1125.0,RM008,Night,0
B058,M04,81.95,5.22,1439.0,RM008,Night,1
B058,M04,105.05,4.34,1150.0,RM008,Night,0
B058,M04,89.64,5.41,1295.0,RM008,Night,0
B058,M04,77.28,5.88,1103.0,RM008,Night,0
B058,M04,92.13,4.97,1128.0,RM008,Night,0
B058,M04,75.89,4.47,1290.0,RM008,Night,0
B058,M04,90.94,,1053.0,RM008,Night,0
B058,M04,113.45,4.76,1247.0,RM008,Night,0
B058,M04,83.26,5.74,1362.0,RM008,Night,1
B058,M04,87.27,5.56,1052.0,RM008,Night,0
B058,M04,91.56,,1348.0,RM008,Night,0
B058,M04,85.35,4.87,1367.0,RM008,Night,0
B058,M04,72.67,4.2,1180.0,RM008,Night,0
B058,M04,81.16,6.02,1252.0,RM008,Night,0
B058,M04,99.84,4.5,1217.0,RM008,Night,0
B058,M04,74.56,4.34,,RM008,Night,0
B058,M04,93.05,5.35,1201.0,RM008,Night,1
B058,M04,94.1,4.87,1265.0,RM008,Night,0
B059,M03,108.38,5.25,1110.0,RM008,Morning,0
B059,M03,83.37,5.22,1199.0,RM008,Morning,0
B059,M03,84.42,4.75,1329.0,RM008,Morning,0
B059,M03,74.18,4.14,1432.0,RM008,Morning,0
B059,M03,99.15,,1054.0,RM008,Morning,0
B059,M03,90.63,5.49,1312.0,RM008,Morning,0
B059,M03,76.66,4.62,1171.0,RM008,Morning,0
B059,M03,81.0,5.16,989.0,RM008,Morning,1
B059,M03,91.96,3.52,1101.0,RM008,Morning,0
B059,M03,92.92,5.91,1280.0,RM008,Morning,0
B059,M03,89.37,5.62,1511.0,RM008,Morning,0
B059,M03,83.01,5.75,1192.0,RM008,Morning,0
B059,M03,72.13,4.78,1052.0,RM008,Morning,1
B059,M03,93.09,5.51,1267.0,RM008,Morning,0
B059,M03,90.18,5.5,1257.0,RM008,Morning,0
B059,M03,92.25,4.74,1245.0,RM008,Morning,0
B059,M03,87.63,4.23,1114.0,RM008,Morning,0
B059,M03,87.91,4.89,1295.0,RM008,Morning,1
B059,M03,,4.17,1098.0,RM008,Morning,0
B059,M03,74.46,5.51,1051.0,RM008,Morning,0
B059,M03,86.18,5.08,1279.0,RM008,Morning,0
B059,M03,99.27,5.25,1219.0,RM008,Morning,0
B059,M03,93.46,4.95,1272.0,RM008,Morning,0
B059,M03,89.93,5.2,1156.0,RM008,Morning,0
B059,M03,84.97,4.78,1461.0,RM008,Morning,0
B059,M03,89.95,4.53,1204.0,RM008,Morning,0
B059,M03,76.19,4.86,1077.0,RM008,Morning,0
B059,M03,75.93,4.41,1165.0,RM008,Morning,0
B059,M03,79.0,5.27,1168.0,RM008,Morning,0
B059,M03,81.8,5.05,1170.0,RM008,Morning,0
B059,M03,98.43,6.13,1194.0,RM008,Morning,0
B059,M03,79.97,4.75,1157.0,RM008,Morning,0
B059,M03,93.16,4.98,1215.0,RM008,Morning,0
B059,M03,86.23,4.72,999.0,RM008,Morning,0
B059,M03,86.79,5.68,1143.0,RM008,Morning,0
B059,M03,74.86,5.16,1163.0,RM008,Morning,0
B059,M03,87.28,5.72,1262.0,RM008,Morning,0
B059,M03,85.48,4.69,1201.0,RM008,Morning,1
B059,M03,93.84,5.26,1396.0,RM008,Morning,0
B059,M03,83.54,4.81,1070.0,RM008,Morning,0
B059,M03,72.98,5.07,1252.0,RM008,Morning,0
B059,M03,92.57,4.78,1211.0,RM008,Morning,0
B059,M03,68.75,5.28,1328.0,RM008,Morning,0
B059,M03,96.72,,1046.0,RM008,Morning,0
B059,M03,97.54,4.62,1296.0,RM008,Morning,0
B059,M03,88.88,4.97,1101.0,RM008,Morning,0
B059,M03,77.29,4.88,,RM008,Morning,0
B059,M03,85.32,5.03,1161.0,RM008,Morning,0
B059,M03,88.7,5.04,1235.0,RM008,Morning,0
B059,M03,105.09,5.51,1220.0,RM008,Morning,0
B060,M04,89.89,4.89,1188.0,RM013,Night,0
B060,M04,70.25,4.49,1238.0,RM013,Night,0
B060,M04,84.45,5.13,1146.0,RM013,Night,0
B060,M04,75.41,4.61,1251.0,RM013,Night,0
B060,M04,85.07,6.21,1272.0,RM013,Night,0
B060,M04,90.17,4.41,983.0,RM013,Night,0
B060,M04,95.57,5.01,1342.0,RM013,Night,0
B060,M04,65.7,5.14,1286.0,RM013,Night,0
B060,M04,98.3,4.82,1126.0,RM013,Night,0
B060,M04,75.76,4.96,1355.0,RM013,Night,0
B060,M04,90.18,4.31,894.0,RM013,Night,0
B060,M04,85.75,5.51,1242.0,RM013,Night,0
B060,M04,68.52,4.51,1146.0,RM013,Night,1
B060,M04,73.16,5.0,1285.0,RM013,Night,0
B060,M04,90.39,5.05,1163.0,RM013,Night,0
B060,M04,89.66,5.63,1121.0,RM013,Night,0
B060,M04,81.41,4.57,1065.0,RM013,Night,0
B060,M04,72.69,5.28,1187.0,RM013,Night,0
B060,M04,73.75,4.17,1116.0,RM013,Night,1
B060,M04,83.62,4.98,1248.0,RM013,Night,0
B060,M04,96.35,4.84,1198.0,RM013,Night,0
B060,M04,97.25,5.52,1327.0,RM013,Night,0
B060,M04,80.85,4.65,1367.0,RM013,Night,0
B060,M04,92.59,4.87,1127.0,RM013,Night,0
B060,M04,92.0,4.25,,RM013,Night,0
B060,M04,82.7,4.78,1131.0,RM013,Night,0
B060,M04,81.74,4.68,1292.0,RM013,Night,0
B060,M04,80.31,5.46,872.0,RM013,Night,0
B060,M04,89.04,5.27,1124.0,RM013,Night,1
B060,M04,86.41,5.31,1289.0,RM013,Night,0
B060,M04,91.17,4.1,1038.0,RM013,Night,1
B060,M04,82.71,5.42,1285.0,RM013,Night,0
B060,M04,75.95,5.17,1193.0,RM013,Night,0
B060,M04,,5.41,1077.0,RM013,Night,0
B060,M04,72.43,5.05,1036.0,RM013,Night,0
B060,M04,76.75,4.63,980.0,RM013,Night,0
B060,M04,85.56,4.74,1196.0,RM013,Night,0
B060,M04,76.07,4.79,992.0,RM013,Night,0
B060,M04,85.98,4.99,945.0,RM013,Night,0
B060,M04,78.09,4.88,1161.0,RM013,Night,0
B060,M04,87.21,5.21,1398.0,RM013,Night,0
B060,M04,67.91,5.08,1278.0,RM013,Night,1
B060,M04,75.43,5.39,1201.0,RM013,Night,0
B060,M04,83.37,5.14,1350.0,RM013,Night,0
B060,M04,95.31,5.36,919.0,RM013,Night,0
B060,M04,96.96,4.46,1469.0,RM013,Night,0
B060,M04,90.2,4.62,1260.0,RM013,Night,0
B060,M04,93.42,4.71,1174.0,RM013,Night,0
B060,M04,93.55,4.78,1204.0,RM013,Night,0
B060,M04,85.37,4.21,1191.0,RM013,Night,0
B061,M06,81.75,5.98,1233.0,RM005,Evening,0
B061,M06,91.07,4.79,1085.0,RM005,Evening,0
B061,M06,82.53,6.1,1346.0,RM005,Evening,0
B061,M06,89.35,5.53,1239.0,RM005,Evening,0
B061,M06,86.13,5.06,1206.0,RM005,Evening,0
B061,M06,85.19,4.98,1190.0,RM005,Evening,0
B061,M06,91.51,4.97,1298.0,RM005,Evening,0
B061,M06,90.9,4.22,1404.0,RM005,Evening,1
B061,M06,82.41,4.94,1316.0,RM005,Evening,0
B061,M06,78.07,4.89,1187.0,RM005,Evening,0
B061,M06,88.89,5.25,1273.0,RM005,Evening,0
B061,M06,92.26,5.19,1354.0,RM005,Evening,0
B061,M06,88.99,4.53,1307.0,RM005,Evening,0
B061,M06,88.13,5.41,1262.0,RM005,Evening,0
B061,M06,84.99,4.12,1270.0,RM005,Evening,1
B061,M06,81.93,5.12,1106.0,RM005,Evening,0
B061,M06,81.55,5.02,1174.0,RM005,Evening,0
B061,M06,91.51,5.52,1330.0,RM005,Evening,0
B061,M06,76.02,4.7,1021.0,RM005,Evening,1
B061,M06,71.09,5.14,1070.0,RM005,Evening,0
B061,M06,79.29,4.96,1157.0,RM005,Evening,0
B061,M06,74.42,4.88,1223.0,RM005,Evening,0
B061,M06,80.94,5.77,1137.0,RM005,Evening,1
B061,M06,87.66,4.13,1116.0,RM005,Evening,0
B061,M06,74.19,5.44,1204.0,RM005,Evening,0
B061,M06,82.73,4.24,1204.0,RM005,Evening,0
B061,M06,85.93,5.02,1115.0,RM005,Evening,0
B061,M06,79.6,5.32,1256.0,RM005,Evening,0
B061,M06,70.51,5.82,1340.0,RM005,Evening,0
B061,M06,83.58,4.26,991.0,RM005,Evening,0
B061,M06,78.38,4.85,1211.0,RM005,Evening,0
B061,M06,88.14,5.35,1180.0,RM005,Evening,0
B061,M06,89.44,4.69,1071.0,RM005,Evening,0
B061,M06,72.11,4.96,973.0,RM005,Evening,0
B061,M06,95.8,,1007.0,RM005,Evening,0
B061,M06,79.1,5.78,1285.0,RM005,Evening,0
B061,M06,88.21,5.08,1135.0,RM005,Evening,0
B061,M06,87.55,5.26,1406.0,RM005,Evening,0
B061,M06,83.88,4.89,1375.0,RM005,Evening,0
B061,M06,83.63,5.18,1329.0,RM005,Evening,0
B061,M06,76.38,5.9,1361.0,RM005,Evening,1
B061,M06,,4.66,1162.0,RM005,Evening,0
B061,M06,89.12,4.88,1285.0,RM005,Evening,0
B061,M06,70.01,5.23,1152.0,RM005,Evening,0
B061,M06,90.72,5.3,1113.0,RM005,Evening,1
B061,M06,91.38,5.13,1073.0,RM005,Evening,0
B061,M06,90.0,5.22,1267.0,RM005,Evening,1
B061,M06,85.27,5.13,1005.0,RM005,Evening,0
B061,M06,86.12,5.12,1170.0,RM005,Evening,1
B061,M06,97.04,5.42,1332.0,RM005,Evening,0
B062,M05,90.96,5.19,1243.0,RM020,Morning,0
B062,M05,63.39,5.64,1126.0,RM020,Morning,0
B062,M05,93.93,4.54,1095.0,RM020,Morning,0
B062,M05,92.46,5.45,1285.0,RM020,Morning,0
B062,M05,95.68,4.41,990.0,RM020,Morning,0
B062,M05,91.18,5.54,1227.0,RM020,Morning,0
B062,M05,96.35,3.76,1324.0,RM020,Morning,0
B062,M05,88.61,4.96,1286.0,RM020,Morning,0
B062,M05,81.13,4.81,1089.0,RM020,Morning,0
B062,M05,87.53,5.24,1314.0,RM020,Morning,0
B062,M05,92.12,4.14,1178.0,RM020,Morning,0
B062,M05,79.17,5.3,1184.0,RM020,Morning,1
B062,M05,99.6,5.12,,RM020,Morning,0
B062,M05,73.68,4.78,1226.0,RM020,Morning,0
B062,M05,77.71,4.97,1261.0,RM020,Morning,0
B062,M05,89.35,4.92,1077.0,RM020,Morning,0
B062,M05,88.1,4.81,1139.0,RM020,Morning,0
B062,M05,82.17,,1131.0,RM020,Morning,0
B062,M05,79.06,5.05,1258.0,RM020,Morning,0
B062,M05,82.27,4.74,1144.0,RM020,Morning,0
B062,M05,76.48,5.25,1297.0,RM020,Morning,0
B062,M05,91.26,5.52,1181.0,RM020,Morning,0
B062,M05,99.37,4.9,1069.0,RM020,Morning,0
B062,M05,85.74,5.51,1328.0,RM020,Morning,1
B062,M05,76.25,5.21,1160.0,RM020,Morning,1
B062,M05,98.49,5.37,1150.0,RM020,Morning,0
B062,M05,92.16,5.63,1342.0,RM020,Morning,0
B062,M05,91.8,,980.0,RM020,Morning,0
B062,M05,82.71,5.32,1077.0,RM020,Morning,0
B062,M05,81.98,5.09,1226.0,RM020,Morning,0
B062,M05,88.34,5.24,1172.0,RM020,Morning,0
B062,M05,88.0,4.6,954.0,RM020,Morning,0
B062,M05,82.21,5.53,1319.0,RM020,Morning,0
B062,M05,74.9,4.21,1225.0,RM020,Morning,0
B062,M05,94.01,5.92,1143.0,RM020,Morning,0
B062,M05,91.8,4.58,1203.0,RM020,Morning,0
B062,M05,99.22,,960.0,RM020,Morning,0
B062,M05,96.9,5.07,1187.0,RM020,Morning,0
B062,M05,76.53,4.98,1183.0,RM020,Morning,1
B062,M05,80.27,4.57,1184.0,RM020,Morning,0
B062,M05,95.92,5.25,,RM020,Morning,0
B062,M05,72.6,5.17,1242.0,RM020,Morning,0
B062,M05,79.42,4.23,1241.0,RM020,Morning,0
B062,M05,78.54,5.27,1318.0,RM020,Morning,0
B062,M05,93.75,6.5,1171.0,RM020,Morning,0
B062,M05,77.6,4.79,1247.0,RM020,Morning,0
B062,M05,,4.65,1277.0,RM020,Morning,0
B062,M05,73.93,,1105.0,RM020,Morning,0
B062,M05,73.16,,1279.0,RM020,Morning,0
B062,M05,97.45,6.46,1185.0,RM020,Morning,0
B063,M03,93.61,4.46,1088.0,RM001,Morning,0
B063,M03,83.87,5.75,1282.0,RM001,Morning,0
B063,M03,107.21,4.88,1332.0,RM001,Morning,1
B063,M03,104.12,5.48,1257.0,RM001,Morning,0
B063,M03,91.9,4.91,1400.0,RM001,Morning,0
B063,M03,,4.46,1143.0,RM001,Morning,0
B063,M03,84.94,3.65,1170.0,RM001,Morning,1
B063,M03,78.47,5.41,1116.0,RM001,Morning,0
B063,M03,88.96,5.08,1352.0,RM001,Morning,0
B063,M03,81.57,5.49,1231.0,RM001,Morning,0
B063,M03,78.55,4.64,1359.0,RM001,Morning,1
B063,M03,83.86,5.26,1063.0,RM001,Morning,0
B063,M03,86.75,4.6,1383.0,RM001,Morning,0
B063,M03,80.28,5.45,906.0,RM001,Morning,0
B063,M03,80.75,5.48,1234.0,RM001,Morning,0
B063,M03,92.44,4.75,1074.0,RM001,Morning,0
B063,M03,72.07,5.38,1356.0,RM001,Morning,0
B063,M03,76.84,5.53,1274.0,RM001,Morning,0
B063,M03,83.0,4.74,1362.0,RM001,Morning,0
B063,M03,78.75,5.22,1375.0,RM001,Morning,1
B063,M03,78.87,5.12,1240.0,RM001,Morning,0
B063,M03,,5.26,1380.0,RM001,Morning,0
B063,M03,86.37,4.42,1202.0,RM001,Morning,0
B063,M03,80.07,5.83,1307.0,RM001,Morning,1
B063,M03,81.65,4.43,1079.0,RM001,Morning,0
B063,M03,75.79,4.23,1248.0,RM001,Morning,0
B063,M03,76.84,,1253.0,RM001,Morning,1
B063,M03,87.96,5.73,1229.0,RM001,Morning,0
B063,M03,80.1,5.05,1104.0,RM001,Morning,1
B063,M03,87.85,4.59,1018.0,RM001,Morning,0
B063,M03,90.29,4.92,1065.0,RM001,Morning,1
B063,M03,78.72,5.31,,RM001,Morning,0
B063,M03,86.11,5.13,937.0,RM001,Morning,0
B063,M03,86.24,5.14,1118.0,RM001,Morning,1
B063,M03,79.52,5.04,1137.0,RM001,Morning,0
B063,M03,97.8,5.11,1081.0,RM001,Morning,1
B063,M03,89.31,5.98,1190.0,RM001,Morning,0
B063,M03,87.75,4.39,1216.0,RM001,Morning,1
B063,M03,87.48,5.52,1147.0,RM001,Morning,1
B063,M03,94.03,4.89,1166.0,RM001,Morning,0
B063,M03,85.09,5.55,1241.0,RM001,Morning,1
B063,M03,98.91,5.11,870.0,RM001,Morning,0
B063,M03,88.52,4.56,1131.0,RM001,Morning,1
B063,M03,87.17,5.2,1273.0,RM001,Morning,1
B063,M03,97.9,5.52,1145.0,RM001,Morning,0
B063,M03,81.64,3.75,1198.0,RM001,Morning,0
B063,M03,77.53,5.09,1305.0,RM001,Morning,1
B063,M03,72.69,4.17,1240.0,RM001,Morning,0
B063,M03,91.59,5.53,1305.0,RM001,Morning,0
B063,M03,86.32,4.37,1125.0,RM001,Morning,0
B064,M05,84.4,4.28,1100.0,RM015,Evening,1
B064,M05,94.46,5.04,1082.0,RM015,Evening,0
B064,M05,84.21,5.35,1111.0,RM015,Evening,0
B064,M05,91.62,4.31,1016.0,RM015,Evening,1
B064,M05,92.3,5.15,1229.0,RM015,Evening,0
B064,M05,74.08,4.92,1328.0,RM015,Evening,0
B064,M05,85.53,5.09,1075.0,RM015,Evening,0
B064,M05,94.42,3.78,1401.0,RM015,Evening,1
B064,M05,82.73,5.45,1104.0,RM015,Evening,0
B064,M05,84.8,4.94,1329.0,RM015,Evening,0
B064,M05,89.4,5.23,1255.0,RM015,Evening,0
B064,M05,80.47,4.95,1244.0,RM015,Evening,0
B064,M05,92.79,4.51,,RM015,Evening,0
B064,M05,84.77,,1278.0,RM015,Evening,0
B064,M05,86.86,5.12,1496.0,RM015,Evening,1
B064,M05,84.31,4.96,1158.0,RM015,Evening,0
B064,M05,86.17,5.78,1173.0,RM015,Evening,0
B064,M05,82.51,4.01,1306.0,RM015,Evening,0
B064,M05,94.26,4.98,1232.0,RM015,Evening,0
B064,M05,92.48,4.21,1023.0,RM015,Evening,0
B064,M05,84.21,4.98,1258.0,RM015,Evening,0
B064,M05,93.06,4.82,1293.0,RM015,Evening,0
B064,M05,84.46,5.04,1262.0,RM015,Evening,0
B064,M05,82.55,5.95,1072.0,RM015,Evening,0
B064,M05,84.71,5.09,1129.0,RM015,Evening,0
B064,M05,67.07,5.05,1137.0,RM015,Evening,0
B064,M05,80.69,5.33,1366.0,RM015,Evening,0
B064,M05,87.99,4.8,1282.0,RM015,Evening,0
B064,M05,85.9,4.54,1257.0,RM015,Evening,0
B064,M05,94.18,4.55,1068.0,RM015,Evening,0
B064,M05,86.72,,1231.0,RM015,Evening,1
B064,M05,,5.11,1347.0,RM015,Evening,0
B064,M05,75.09,,1308.0,RM015,Evening,0
B064,M05,90.81,5.08,1111.0,RM015,Evening,0
B064,M05,84.0,5.02,1196.0,RM015,Evening,0
B064,M05,68.52,4.89,1068.0,RM015,Evening,0
B064,M05,91.84,5.49,,RM015,Evening,0
B064,M05,83.91,5.03,1195.0,RM015,Evening,0
B064,M05,82.05,5.63,1160.0,RM015,Evening,0
B064,M05,77.46,5.04,1074.0,RM015,Evening,0
B064,M05,84.72,4.26,1215.0,RM015,Evening,0
B064,M05,76.49,5.26,1252.0,RM015,Evening,0
B064,M05,83.35,5.58,1097.0,RM015,Evening,1
B064,M05,65.76,4.73,1252.0,RM015,Evening,0
B064,M05,82.42,5.27,1246.0,RM015,Evening,0
B064,M05,95.57,5.53,1178.0,RM015,Evening,0
B064,M05,75.96,5.65,1131.0,RM015,Evening,0
B064,M05,82.27,3.66,1186.0,RM015,Evening,0
B064,M05,94.72,4.97,1423.0,RM015,Evening,1
B064,M05,86.44,6.06,1150.0,RM015,Evening,0
B065,M05,87.06,4.24,1189.0,RM014,Morning,0
B065,M05,88.98,5.79,1084.0,RM014,Morning,0
B065,M05,91.16,5.06,,RM014,Morning,1
B065,M05,81.94,4.82,1221.0,RM014,Morning,0
B065,M05,70.51,5.51,1087.0,RM014,Morning,0
B065,M05,80.44,5.32,1200.0,RM014,Morning,0
B065,M05,92.22,4.75,947.0,RM014,Morning,0
B065,M05,78.19,,1409.0,RM014,Morning,0
B065,M05,88.22,6.07,,RM014,Morning,0
B065,M05,81.2,4.77,1229.0,RM014,Morning,0
B065,M05,87.1,5.05,1395.0,RM014,Morning,0
B065,M05,77.83,5.48,1166.0,RM014,Morning,0
B065,M05,97.5,4.17,1056.0,RM014,Morning,0
B065,M05,80.77,4.82,1233.0,RM014,Morning,0
B065,M05,91.11,5.85,1328.0,RM014,Morning,0
B065,M05,66.75,,1288.0,RM014,Morning,0
B065,M05,85.7,4.69,,RM014,Morning,0
B065,M05,75.59,4.98,1104.0,RM014,Morning,0
B065,M05,82.36,4.73,1158.0,RM014,Morning,0
B065,M05,76.4,4.95,1151.0,RM014,Morning,0
B065,M05,90.83,4.29,1230.0,RM014,Morning,0
B065,M05,83.26,5.04,1305.0,RM014,Morning,0
B065,M05,92.93,4.2,1171.0,RM014,Morning,0
B065,M05,94.21,4.28,1074.0,RM014,Morning,0
B065,M05,75.95,5.83,1143.0,RM014,Morning,0
B065,M05,94.35,4.36,1340.0,RM014,Morning,0
B065,M05,88.37,4.48,1112.0,RM014,Morning,0
B065,M05,82.75,5.38,1231.0,RM014,Morning,0
B065,M05,80.15,5.59,1229.0,RM014,Morning,0
B065,M05,83.49,5.99,1112.0,RM014,Morning,1
B065,M05,82.51,5.3,1232.0,RM014,Morning,1
B065,M05,93.83,4.58,1197.0,RM014,Morning,0
B065,M05,89.76,4.81,1420.0,RM014,Morning,0
B065,M05,96.93,5.05,1029.0,RM014,Morning,0
B065,M05,89.02,4.85,1143.0,RM014,Morning,0
B065,M05,84.76,,1220.0,RM014,Morning,0
B065,M05,85.02,5.25,1187.0,RM014,Morning,1
B065,M05,82.72,5.1,1226.0,RM014,Morning,1
B065,M05,91.42,4.86,1017.0,RM014,Morning,1
B065,M05,84.43,4.97,1348.0,RM014,Morning,1
B065,M05,86.02,4.14,1073.0,RM014,Morning,0
B065,M05,86.32,5.24,1253.0,RM014,Morning,0
B065,M05,82.24,4.43,1148.0,RM014,Morning,0
B065,M05,86.47,4.02,1117.0,RM014,Morning,0
B065,M05,71.61,5.4,1202.0,RM014,Morning,0
B065,M05,83.87,5.76,1093.0,RM014,Morning,0
B065,M05,93.45,4.82,1286.0,RM014,Morning,0
B065,M05,105.06,5.04,847.0,RM014,Morning,0
B065,M05,84.84,5.6,1212.0,RM014,Morning,0
B065,M05,83.19,5.26,1207.0,RM014,Morning,0
B066,M03,102.88,4.26,1258.0,RM015,Morning,0
B066,M03,73.19,5.36,1167.0,RM015,Morning,0
B066,M03,81.29,4.78,1159.0,RM015,Morning,0
B066,M03,94.63,5.12,1143.0,RM015,Morning,0
B066,M03,,5.26,1232.0,RM015,Morning,1
B066,M03,81.61,4.33,1339.0,RM015,Morning,0
B066,M03,65.17,5.2,1359.0,RM015,Morning,0
B066,M03,76.37,5.39,1254.0,RM015,Morning,0
B066,M03,72.47,5.62,1226.0,RM015,Morning,0
B066,M03,85.13,5.36,1164.0,RM015,Morning,0
B066,M03,83.89,4.56,1309.0,RM015,Morning,0
B066,M03,96.45,5.1,1301.0,RM015,Morning,0
B066,M03,89.55,5.05,1105.0,RM015,Morning,1
B066,M03,99.47,5.67,1076.0,RM015,Morning,0
B066,M03,82.17,5.94,1150.0,RM015,Morning,0
B066,M03,76.58,4.74,1254.0,RM015,Morning,0
B066,M03,82.7,5.93,1120.0,RM015,Morning,0
B066,M03,92.28,5.3,946.0,RM015,Morning,0
B066,M03,93.63,4.56,1145.0,RM015,Morning,0
B066,M03,71.22,4.84,1287.0,RM015,Morning,0
B066,M03,95.89,4.94,843.0,RM015,Morning,1
B066,M03,73.6,5.04,1264.0,RM015,Morning,0
B066,M03,80.0,4.93,1235.0,RM015,Morning,0
B066,M03,87.08,5.37,1229.0,RM015,Morning,0
B066,M03,81.75,4.09,927.0,RM015,Morning,1
B066,M03,76.58,4.61,1363.0,RM015,Morning,0
B066,M03,88.05,4.83,1243.0,RM015,Morning,0
B066,M03,,5.62,1126.0,RM015,Morning,0
B066,M03,88.07,4.49,1323.0,RM015,Morning,0
B066,M03,89.76,5.04,1193.0,RM015,Morning,0
B066,M03,74.52,4.48,1045.0,RM015,Morning,0
B066,M03,84.05,4.86,1202.0,RM015,Morning,0
B066,M03,84.83,5.59,1161.0,RM015,Morning,0
B066,M03,84.59,5.34,1326.0,RM015,Morning,0
B066,M03,79.02,5.42,1199.0,RM015,Morning,1
B066,M03,72.11,4.95,1215.0,RM015,Morning,0
B066,M03,85.1,4.72,1128.0,RM015,Morning,0
B066,M03,89.98,4.94,1263.0,RM015,Morning,0
B066,M03,86.02,4.88,1206.0,RM015,Morning,0
B066,M03,86.52,5.43,1164.0,RM015,Morning,0
B066,M03,86.01,5.0,1276.0,RM015,Morning,0
B066,M03,90.03,5.92,1267.0,RM015,Morning,0
B066,M03,76.32,5.4,1232.0,RM015,Morning,0
B066,M03,73.28,,1286.0,RM015,Morning,1
B066,M03,89.07,4.29,1110.0,RM015,Morning,0
B066,M03,83.97,5.16,1241.0,RM015,Morning,0
B066,M03,101.49,4.81,1235.0,RM015,Morning,0
B066,M03,83.82,6.25,1244.0,RM015,Morning,0
B066,M03,84.52,5.36,1159.0,RM015,Morning,0
B066,M03,86.36,5.24,1198.0,RM015,Morning,1
B067,M01,93.1,4.56,1276.0,RM009,Evening,1
B067,M01,83.4,4.87,1063.0,RM009,Evening,1
B067,M01,90.81,4.78,1248.0,RM009,Evening,0
B067,M01,87.12,4.87,1269.0,RM009,Evening,0
B067,M01,85.48,4.84,1058.0,RM009,Evening,0
B067,M01,77.48,5.67,1394.0,RM009,Evening,1
B067,M01,84.69,4.77,1187.0,RM009,Evening,1
B067,M01,80.77,4.61,1207.0,RM009,Evening,0
B067,M01,94.04,4.07,1360.0,RM009,Evening,1
B067,M01,79.78,4.45,1234.0,RM009,Evening,0
B067,M01,95.0,4.56,1210.0,RM009,Evening,0
B067,M01,92.88,6.07,1289.0,RM009,Evening,1
B067,M01,,5.0,1373.0,RM009,Evening,0
B067,M01,94.01,5.64,1168.0,RM009,Evening,0
B067,M01,110.74,4.3,1236.0,RM009,Evening,0
B067,M01,91.11,5.24,1200.0,RM009,Evening,1
B067,M01,91.67,4.69,1080.0,RM009,Evening,0
B067,M01,102.37,5.45,1190.0,RM009,Evening,0
B067,M01,93.87,4.65,1068.0,RM009,Evening,0
B067,M01,,5.25,1176.0,RM009,Evening,1
B067,M01,111.76,5.19,1214.0,RM009,Evening,0
B067,M01,,5.45,1195.0,RM009,Evening,0
B067,M01,89.77,4.55,1311.0,RM009,Evening,0
B067,M01,86.76,5.2,1150.0,RM009,Evening,0
B067,M01,78.34,5.46,1064.0,RM009,Evening,0
B067,M01,89.42,5.5,1103.0,RM009,Evening,1
B067,M01,89.21,4.64,1328.0,RM009,Evening,0
B067,M01,101.16,4.53,1220.0,RM009,Evening,0
B067,M01,91.55,5.48,1382.0,RM009,Evening,0
B067,M01,93.97,5.07,1210.0,RM009,Evening,0
B067,M01,,5.88,1327.0,RM009,Evening,1
B067,M01,,4.61,1210.0,RM009,Evening,0
B067,M01,92.29,4.57,1268.0,RM009,Evening,0
B067,M01,105.07,5.44,1282.0,RM009,Evening,0
B067,M01,81.45,4.83,1355.0,RM009,Evening,0
B067,M01,93.88,5.49,1255.0,RM009,Evening,1
B067,M01,85.22,4.99,1245.0,RM009,Evening,0
B067,M01,71.59,5.26,1411.0,RM009,Evening,0
B067,M01,98.97,4.56,1241.0,RM009,Evening,0
B067,M01,85.12,5.88,1143.0,RM009,Evening,0
B067,M01,92.42,5.28,1055.0,RM009,Evening,1
B067,M01,91.21,4.86,1287.0,RM009,Evening,0
B067,M01,93.66,5.24,1485.0,RM009,Evening,0
B067,M01,86.35,5.33,1288.0,RM009,Evening,0
B067,M01,85.54,4.35,1363.0,RM009,Evening,0
B067,M01,91.67,4.7,1323.0,RM009,Evening,1
B067,M01,93.48,4.52,1327.0,RM009,Evening,1
B067,M01,92.09,5.2,1277.0,RM009,Evening,0
B067,M01,87.5,4.93,1160.0,RM009,Evening,0
B067,M01,86.81,5.53,1182.0,RM009,Evening,0
B068,M01,92.45,5.49,1352.0,RM020,Night,0
B068,M01,,5.09,,RM020,Night,0
B068,M01,87.7,5.6,1280.0,RM020,Night,1
B068,M01,98.54,4.87,1317.0,RM020,Night,1
B068,M01,,5.02,1286.0,RM020,Night,1
B068,M01,76.89,4.86,1262.0,RM020,Night,0
B068,M01,89.03,4.72,1250.0,RM020,Night,1
B068,M01,85.39,5.23,1433.0,RM020,Night,0
B068,M01,87.86,4.66,1197.0,RM020,Night,0
B068,M01,95.62,5.11,,RM020,Night,0
B068,M01,94.11,4.54,1190.0,RM020,Night,0
B068,M01,79.47,5.16,1229.0,RM020,Night,0
B068,M01,82.04,4.68,1175.0,RM020,Night,0
B068,M01,82.35,4.67,1281.0,RM020,Night,0
B068,M01,72.4,4.01,1212.0,RM020,Night,0
B068,M01,100.8,5.47,1161.0,RM020,Night,0
B068,M01,98.75,4.96,1278.0,RM020,Night,1
B068,M01,84.91,4.24,1215.0,RM020,Night,0
B068,M01,90.16,4.47,1258.0,RM020,Night,1
B068,M01,96.86,5.13,1062.0,RM020,Night,0
B068,M01,90.11,5.25,992.0,RM020,Night,0
B068,M01,93.1,5.54,1174.0,RM020,Night,0
B068,M01,82.76,4.8,1097.0,RM020,Night,1
B068,M01,99.04,4.68,,RM020,Night,0
B068,M01,85.82,6.24,1229.0,RM020,Night,0
B068,M01,82.57,4.52,1175.0,RM020,Night,0
B068,M01,80.14,5.63,1065.0,RM020,Night,0
B068,M01,76.14,4.3,1312.0,RM020,Night,1
B068,M01,92.38,4.6,1217.0,RM020,Night,0
B068,M01,81.72,4.73,1155.0,RM020,Night,0
B068,M01,77.96,4.92,1422.0,RM020,Night,0
B068,M01,91.63,4.64,1248.0,RM020,Night,0
B068,M01,87.94,4.83,1373.0,RM020,Night,0
B068,M01,100.27,4.67,1418.0,RM020,Night,1
B068,M01,88.8,4.33,1495.0,RM020,Night,0
B068,M01,97.8,5.03,1288.0,RM020,Night,1
B068,M01,94.04,5.25,1298.0,RM020,Night,0
B068,M01,93.62,5.71,1086.0,RM020,Night,1
B068,M01,89.59,4.35,1309.0,RM020,Night,1
B068,M01,,5.5,1296.0,RM020,Night,1
B068,M01,79.97,,1340.0,RM020,Night,0
B068,M01,93.51,4.27,1187.0,RM020,Night,1
B068,M01,71.9,5.08,924.0,RM020,Night,0
B068,M01,89.46,4.59,1222.0,RM020,Night,0
B068,M01,103.08,5.1,1261.0,RM020,Night,0
B068,M01,95.19,4.75,1152.0,RM020,Night,0
B068,M01,101.98,6.34,,RM020,Night,0
B068,M01,103.91,5.34,1238.0,RM020,Night,0
B068,M01,86.05,5.6,1282.0,RM020,Night,1
B068,M01,91.76,,1290.0,RM020,Night,1
B069,M02,80.73,4.73,1189.0,RM017,Night,0
B069,M02,101.86,4.78,1294.0,RM017,Night,0
B069,M02,67.15,4.65,959.0,RM017,Night,0
B069,M02,94.57,4.06,1185.0,RM017,Night,0
B069,M02,82.11,4.77,1250.0,RM017,Night,0
B069,M02,84.71,5.2,1444.0,RM017,Night,0
B069,M02,68.03,4.93,1306.0,RM017,Night,1
B069,M02,67.09,4.3,1170.0,RM017,Night,0
B069,M02,76.27,4.9,1226.0,RM017,Night,1
B069,M02,83.79,5.43,,RM017,Night,0
B069,M02,94.2,5.14,1457.0,RM017,Night,0
B069,M02,65.28,4.67,,RM017,Night,0
B069,M02,90.72,4.68,1305.0,RM017,Night,0
B069,M02,,4.37,1101.0,RM017,Night,0
B069,M02,75.06,4.64,1014.0,RM017,Night,0
B069,M02,92.01,5.05,1367.0,RM017,Night,0
B069,M02,73.53,5.72,1267.0,RM017,Night,0
B069,M02,93.24,4.64,960.0,RM017,Night,0
B069,M02,82.82,4.83,1430.0,RM017,Night,0
B069,M02,74.76,5.35,1078.0,RM017,Night,0
B069,M02,95.39,4.12,939.0,RM017,Night,0
B069,M02,92.14,5.44,1163.0,RM017,Night,1
B069,M02,78.12,4.63,1468.0,RM017,Night,0
B069,M02,90.37,5.16,1096.0,RM017,Night,1
B069,M02,79.4,5.17,1089.0,RM017,Night,0
B069,M02,104.48,5.05,1148.0,RM017,Night,0
B069,M02,84.74,4.98,1150.0,RM017,Night,0
B069,M02,87.21,6.11,1360.0,RM017,Night,0
B069,M02,92.89,5.23,1159.0,RM017,Night,0
B069,M02,91.98,5.14,1256.0,RM017,Night,0
B069,M02,83.37,4.66,1310.0,RM017,Night,0
B069,M02,94.6,5.14,1158.0,RM017,Night,0
B069,M02,87.52,4.89,1189.0,RM017,Night,0
B069,M02,89.36,5.06,1157.0,RM017,Night,0
B069,M02,88.76,4.98,1302.0,RM017,Night,1
B069,M02,81.45,4.43,1309.0,RM017,Night,1
B069,M02,92.07,5.12,1599.0,RM017,Night,0
B069,M02,85.3,5.05,,RM017,Night,1
B069,M02,71.19,5.43,1328.0,RM017,Night,0
B069,M02,83.99,5.04,1210.0,RM017,Night,0
B069,M02,80.37,6.13,1124.0,RM017,Night,0
B069,M02,89.36,4.9,1365.0,RM017,Night,0
B069,M02,87.58,4.94,1170.0,RM017,Night,1
B069,M02,97.11,4.64,1233.0,RM017,Night,0
B069,M02,99.96,4.48,1134.0,RM017,Night,0
B069,M02,83.32,5.34,1282.0,RM017,Night,0
B069,M02,95.27,5.08,1116.0,RM017,Night,0
B069,M02,78.58,5.2,1265.0,RM017,Night,0
B069,M02,87.07,5.16,1133.0,RM017,Night,0
B069,M02,80.27,5.81,1173.0,RM017,Night,0
B070,M03,108.19,5.47,1112.0,RM018,Evening,0
B070,M03,97.15,4.05,1041.0,RM018,Evening,0
B070,M03,75.2,3.94,1205.0,RM018,Evening,0
B070,M03,77.18,5.69,1094.0,RM018,Evening,0
B070,M03,92.82,4.71,1181.0,RM018,Evening,0
B070,M03,87.48,4.94,1455.0,RM018,Evening,0
B070,M03,92.71,4.86,947.0,RM018,Evening,0
B070,M03,92.54,4.53,1136.0,RM018,Evening,0
B070,M03,93.78,5.21,1176.0,RM018,Evening,1
B070,M03,90.85,4.53,1242.0,RM018,Evening,1
B070,M03,78.17,4.97,1152.0,RM018,Evening,0
B070,M03,81.62,5.48,1148.0,RM018,Evening,1
B070,M03,81.43,4.39,1292.0,RM018,Evening,0
B070,M03,80.57,4.91,1194.0,RM018,Evening,0
B070,M03,82.2,4.95,1087.0,RM018,Evening,0
B070,M03,75.92,4.59,1235.0,RM018,Evening,0
B070,M03,70.75,4.54,971.0,RM018,Evening,0
B070,M03,88.75,4.83,1176.0,RM018,Evening,0
B070,M03,98.45,4.11,1183.0,RM018,Evening,0
B070,M03,66.3,4.24,1451.0,RM018,Evening,0
B070,M03,82.73,4.27,1105.0,RM018,Evening,1
B070,M03,84.79,5.41,1095.0,RM018,Evening,0
B070,M03,83.69,5.63,1357.0,RM018,Evening,0
B070,M03,91.65,5.46,1076.0,RM018,Evening,0
B070,M03,91.31,5.25,1273.0,RM018,Evening,1
B070,M03,71.98,5.4,1131.0,RM018,Evening,0
B070,M03,74.58,5.72,1123.0,RM018,Evening,0
B070,M03,82.04,4.49,1435.0,RM018,Evening,0
B070,M03,83.91,5.1,1269.0,RM018,Evening,0
B070,M03,63.92,5.1,1172.0,RM018,Evening,1
B070,M03,107.09,5.06,1362.0,RM018,Evening,1
B070,M03,87.27,5.85,1231.0,RM018,Evening,0
B070,M03,72.76,5.26,1070.0,RM018,Evening,0
B070,M03,97.15,5.2,1351.0,RM018,Evening,0
B070,M03,95.04,4.6,1198.0,RM018,Evening,0
B070,M03,,4.82,1032.0,RM018,Evening,0
B070,M03,88.73,4.62,1151.0,RM018,Evening,0
B070,M03,84.77,5.17,963.0,RM018,Evening,1
B070,M03,84.37,5.36,1223.0,RM018,Evening,1
B070,M03,67.09,5.57,1248.0,RM018,Evening,1
B070,M03,75.27,4.93,1136.0,RM018,Evening,0
B070,M03,80.02,4.77,1170.0,RM018,Evening,0
B070,M03,63.1,5.04,1325.0,RM018,Evening,0
B070,M03,91.16,4.29,1127.0,RM018,Evening,0
B070,M03,81.06,4.4,1168.0,RM018,Evening,1
B070,M03,88.9,4.64,899.0,RM018,Evening,0
B070,M03,,5.13,1245.0,RM018,Evening,0
B070,M03,97.88,5.88,1185.0,RM018,Evening,0
B070,M03,95.55,5.22,1133.0,RM018,Evening,0
B070,M03,,5.45,1224.0,RM018,Evening,0
B071,M06,87.85,5.68,1208.0,RM010,Night,0
B071,M06,78.46,5.58,868.0,RM010,Night,0
B071,M06,102.58,5.04,1340.0,RM010,Night,0
B071,M06,94.47,4.98,1142.0,RM010,Night,0
B071,M06,99.62,4.58,1098.0,RM010,Night,1
B071,M06,70.72,5.2,1345.0,RM010,Night,0
B071,M06,85.55,4.86,1138.0,RM010,Night,0
B071,M06,97.63,4.71,,RM010,Night,0
B071,M06,88.87,4.22,1221.0,RM010,Night,0
B071,M06,94.01,4.84,1213.0,RM010,Night,0
B071,M06,81.27,5.6,1090.0,RM010,Night,0
B071,M06,92.13,4.97,1148.0,RM010,Night,0
B071,M06,86.2,5.77,1221.0,RM010,Night,1
B071,M06,93.65,5.38,1281.0,RM010,Night,0
B071,M06,,5.16,1222.0,RM010,Night,1
B071,M06,91.61,4.28,1094.0,RM010,Night,0
B071,M06,87.26,4.48,,RM010,Night,0
B071,M06,85.99,5.36,1179.0,RM010,Night,0
B071,M06,93.81,5.19,1000.0,RM010,Night,0
B071,M06,78.54,6.0,1188.0,RM010,Night,0
B071,M06,85.22,4.96,1399.0,RM010,Night,1
B071,M06,89.31,,1047.0,RM010,Night,1
B071,M06,86.67,4.65,1138.0,RM010,Night,0
B071,M06,80.17,5.27,1197.0,RM010,Night,0
B071,M06,101.21,5.28,1040.0,RM010,Night,0
B071,M06,101.18,4.43,1238.0,RM010,Night,0
B071,M06,90.74,4.65,1550.0,RM010,Night,0
B071,M06,89.74,5.25,1316.0,RM010,Night,0
B071,M06,91.41,5.02,1207.0,RM010,Night,1
B071,M06,94.42,4.16,1307.0,RM010,Night,0
B071,M06,84.91,5.04,1210.0,RM010,Night,1
B071,M06,83.17,6.34,1089.0,RM010,Night,0
B071,M06,89.81,5.25,1073.0,RM010,Night,1
B071,M06,83.35,5.69,962.0,RM010,Night,0
B071,M06,92.73,4.95,1323.0,RM010,Night,0
B071,M06,98.48,,1192.0,RM010,Night,1
B071,M06,97.24,4.96,1493.0,RM010,Night,0
B071,M06,95.74,4.42,984.0,RM010,Night,0
B071,M06,89.2,4.26,1234.0,RM010,Night,0
B071,M06,89.45,5.9,965.0,RM010,Night,0
B071,M06,83.13,5.32,1337.0,RM010,Night,0
B071,M06,96.4,5.41,1268.0,RM010,Night,0
B071,M06,85.76,4.47,1114.0,RM010,Night,0
B071,M06,87.98,4.55,1180.0,RM010,Night,0
B071,M06,82.77,5.09,1002.0,RM010,Night,0
B071,M06,75.06,4.8,1365.0,RM010,Night,1
B071,M06,87.21,5.35,1225.0,RM010,Night,1
B071,M06,86.69,5.73,1075.0,RM010,Night,1
B071,M06,97.64,5.12,1294.0,RM010,Night,0
B071,M06,77.29,5.3,1164.0,RM010,Night,1
B072,M02,91.42,5.27,1149.0,RM007,Morning,1
B072,M02,89.0,4.08,1229.0,RM007,Morning,0
B072,M02,80.23,5.25,1177.0,RM007,Morning,0
B072,M02,99.68,4.91,1134.0,RM007,Morning,0
B072,M02,79.79,4.7,1423.0,RM007,Morning,0
B072,M02,102.72,4.85,1095.0,RM007,Morning,0
B072,M02,83.95,4.01,1028.0,RM007,Morning,0
B072,M02,89.62,5.23,1175.0,RM007,Morning,1
B072,M02,89.17,4.37,1246.0,RM007,Morning,0
B072,M02,86.56,5.07,1122.0,RM007,Morning,0
B072,M02,92.49,5.3,1175.0,RM007,Morning,0
B072,M02,101.88,5.07,1235.0,RM007,Morning,0
B072,M02,77.25,4.84,1409.0,RM007,Morning,1
B072,M02,93.14,,1237.0,RM007,Morning,0
B072,M02,80.74,5.24,1020.0,RM007,Morning,1
B072,M02,96.34,5.67,1192.0,RM007,Morning,1
B072,M02,87.06,4.73,1372.0,RM007,Morning,0
B072,M02,94.97,4.86,1212.0,RM007,Morning,0
B072,M02,75.95,4.77,1243.0,RM007,Morning,0
B072,M02,81.69,4.97,1186.0,RM007,Morning,0
B072,M02,93.71,4.08,1173.0,RM007,Morning,0
B072,M02,81.48,4.0,1254.0,RM007,Morning,0
B072,M02,89.64,4.42,1303.0,RM007,Morning,0
B072,M02,78.28,5.96,1085.0,RM007,Morning,0
B072,M02,94.3,5.41,1102.0,RM007,Morning,0
B072,M02,,5.71,1138.0,RM007,Morning,1
B072,M02,95.37,4.48,1261.0,RM007,Morning,0
B072,M02,80.7,5.81,1124.0,RM007,Morning,0
B072,M02,102.72,3.98,1106.0,RM007,Morning,0
B072,M02,83.0,6.3,1217.0,RM007,Morning,0
B072,M02,75.73,4.0,1182.0,RM007,Morning,0
B072,M02,93.5,5.33,1202.0,RM007,Morning,0
B072,M02,89.11,5.28,1156.0,RM007,Morning,0
B072,M02,83.34,4.94,1220.0,RM007,Morning,0
B072,M02,77.81,5.19,1349.0,RM007,Morning,0
B072,M02,92.27,4.13,1172.0,RM007,Morning,0
B072,M02,84.6,5.72,1181.0,RM007,Morning,1
B072,M02,92.56,4.74,1202.0,RM007,Morning,0
B072,M02,70.04,4.91,,RM007,Morning,0
B072,M02,77.05,5.39,1302.0,RM007,Morning,0
B072,M02,83.93,5.63,1176.0,RM007,Morning,0
B072,M02,86.57,,1220.0,RM007,Morning,0
B072,M02,84.15,4.63,1330.0,RM007,Morning,0
B072,M02,84.98,5.21,1261.0,RM007,Morning,0
B072,M02,91.66,4.8,1200.0,RM007,Morning,0
B072,M02,82.2,4.93,1488.0,RM007,Morning,0
B072,M02,90.03,5.0,1322.0,RM007,Morning,0
B072,M02,81.6,4.68,1254.0,RM007,Morning,0
B072,M02,78.98,4.36,1067.0,RM007,Morning,0
B072,M02,87.96,5.23,1289.0,RM007,Morning,0
B073,M05,81.2,4.85,,RM004,Evening,0
B073,M05,98.53,4.44,1205.0,RM004,Evening,1
B073,M05,72.33,4.99,1025.0,RM004,Evening,0
B073,M05,85.61,4.68,1175.0,RM004,Evening,0
B073,M05,93.16,5.04,1108.0,RM004,Evening,0
B073,M05,73.94,5.25,1414.0,RM004,Evening,1
B073,M05,84.85,5.19,1159.0,RM004,Evening,0
B073,M05,83.86,4.44,1273.0,RM004,Evening,0
B073,M05,81.45,4.91,1225.0,RM004,Evening,0
B073,M05,94.39,3.91,1239.0,RM004,Evening,0
B073,M05,100.7,5.53,,RM004,Evening,0
B073,M05,70.16,4.54,1102.0,RM004,Evening,1
B073,M05,75.84,4.79,1048.0,RM004,Evening,0
B073,M05,83.19,5.88,1246.0,RM004,Evening,0
B073,M05,87.46,4.04,1036.0,RM004,Evening,0
B073,M05,84.02,5.28,1130.0,RM004,Evening,1
B073,M05,75.41,4.92,1195.0,RM004,Evening,0
B073,M05,89.18,4.64,1063.0,RM004,Evening,1
B073,M05,96.37,4.46,1294.0,RM004,Evening,0
B073,M05,94.69,4.56,1268.0,RM004,Evening,0
B073,M05,83.61,5.45,1302.0,RM004,Evening,0
B073,M05,86.21,4.13,1300.0,RM004,Evening,0
B073,M05,91.53,4.76,1203.0,RM004,Evening,1
B073,M05,83.25,4.58,1280.0,RM004,Evening,0
B073,M05,86.21,4.38,1042.0,RM004,Evening,0
B073,M05,92.77,4.79,1152.0,RM004,Evening,0
B073,M05,88.13,5.92,1209.0,RM004,Evening,0
B073,M05,80.99,,980.0,RM004,Evening,1
B073,M05,82.3,4.89,1018.0,RM004,Evening,1
B073,M05,106.01,4.4,1113.0,RM004,Evening,0
B073,M05,89.84,5.24,1222.0,RM004,Evening,0
B073,M05,88.41,4.54,1295.0,RM004,Evening,0
B073,M05,100.41,4.26,1102.0,RM004,Evening,0
B073,M05,90.24,4.77,1184.0,RM004,Evening,0
B073,M05,87.88,5.18,1189.0,RM004,Evening,0
B073,M05,78.39,4.76,1176.0,RM004,Evening,0
B073,M05,65.33,5.15,1208.0,RM004,Evening,0
B073,M05,,5.28,1255.0,RM004,Evening,0
B073,M05,91.1,4.75,1223.0,RM004,Evening,0
B073,M05,80.2,4.47,1205.0,RM004,Evening,0
B073,M05,81.98,4.29,1237.0,RM004,Evening,0
B073,M05,79.96,5.09,1120.0,RM004,Evening,0
B073,M05,90.66,5.75,1119.0,RM004,Evening,0
B073,M05,88.99,5.83,1128.0,RM004,Evening,1
B073,M05,85.21,4.76,1141.0,RM004,Evening,0
B073,M05,80.24,4.31,1100.0,RM004,Evening,0
B073,M05,74.91,5.6,1180.0,RM004,Evening,0
B073,M05,99.32,3.9,1171.0,RM004,Evening,0
B073,M05,91.07,3.82,1026.0,RM004,Evening,0
B073,M05,75.43,4.52,1302.0,RM004,Evening,0
B074,M01,94.45,4.76,1018.0,RM011,Morning,0
B074,M01,89.46,5.74,1154.0,RM011,Morning,0
B074,M01,92.18,5.08,1150.0,RM011,Morning,1
B074,M01,101.1,4.66,1489.0,RM011,Morning,0
B074,M01,90.57,5.41,1230.0,RM011,Morning,0
B074,M01,93.77,5.24,1225.0,RM011,Morning,0
B074,M01,104.48,5.43,1466.0,RM011,Morning,0
B074,M01,93.26,5.67,1298.0,RM011,Morning,0
B074,M01,96.0,5.17,1101.0,RM011,Morning,0
B074,M01,84.6,4.92,1059.0,RM011,Morning,1
B074,M01,105.27,4.92,1204.0,RM011,Morning,0
B074,M01,80.62,5.04,1112.0,RM011,Morning,0
B074,M01,96.78,5.47,1262.0,RM011,Morning,0
B074,M01,92.18,4.95,,RM011,Morning,0
B074,M01,97.97,4.02,1257.0,RM011,Morning,0
B074,M01,90.81,5.37,1297.0,RM011,Morning,0
B074,M01,94.02,4.03,1081.0,RM011,Morning,0
B074,M01,102.51,,1303.0,RM011,Morning,1
B074,M01,96.41,,1221.0,RM011,Morning,1
B074,M01,,5.03,1401.0,RM011,Morning,0
B074,M01,95.04,4.8,1234.0,RM011,Morning,0
B074,M01,84.6,4.62,947.0,RM011,Morning,0
B074,M01,96.93,4.95,1158.0,RM011,Morning,0
B074,M01,79.67,4.33,1233.0,RM011,Morning,0
B074,M01,85.08,6.46,1366.0,RM011,Morning,0
B074,M01,85.21,4.6,1274.0,RM011,Morning,1
B074,M01,91.96,5.61,1354.0,RM011,Morning,1
B074,M01,81.12,4.78,1405.0,RM011,Morning,0
B074,M01,99.2,5.76,,RM011,Morning,0
B074,M01,93.82,5.97,1047.0,RM011,Morning,0
B074,M01,104.71,5.02,1335.0,RM011,Morning,0
B074,M01,94.84,5.19,1082.0,RM011,Morning,0
B074,M01,95.42,5.35,,RM011,Morning,0
B074,M01,97.69,5.42,1268.0,RM011,Morning,0
B074,M01,98.32,,1146.0,RM011,Morning,0
B074,M01,86.16,4.8,1447.0,RM011,Morning,1
B074,M01,81.02,4.78,1162.0,RM011,Morning,0
B074,M01,86.79,5.19,1209.0,RM011,Morning,0
B074,M01,86.6,4.8,1171.0,RM011,Morning,0
B074,M01,97.64,4.89,1311.0,RM011,Morning,0
B074,M01,80.1,4.94,1146.0,RM011,Morning,1
B074,M01,76.25,5.71,1158.0,RM011,Morning,0
B074,M01,94.83,5.1,1237.0,RM011,Morning,0
B074,M01,84.28,4.56,1218.0,RM011,Morning,0
B074,M01,86.46,5.25,1182.0,RM011,Morning,0
B074,M01,82.91,4.44,1288.0,RM011,Morning,0
B074,M01,84.54,5.45,1101.0,RM011,Morning,1
B074,M01,,4.27,1273.0,RM011,Morning,0
B074,M01,85.76,5.56,1151.0,RM011,Morning,0
B074,M01,94.97,4.49,977.0,RM011,Morning,1
B075,M06,84.45,5.5,1134.0,RM003,Evening,1
B075,M06,74.37,5.08,1164.0,RM003,Evening,0
B075,M06,96.89,5.95,1205.0,RM003,Evening,0
B075,M06,91.55,4.88,1024.0,RM003,Evening,0
B075,M06,95.95,4.36,1182.0,RM003,Evening,1
B075,M06,93.4,5.66,1377.0,RM003,Evening,0
B075,M06,85.53,5.64,1325.0,RM003,Evening,1
B075,M06,72.07,4.87,1207.0,RM003,Evening,0
B075,M06,93.65,5.03,1166.0,RM003,Evening,1
B075,M06,106.89,5.99,1311.0,RM003,Evening,0
B075,M06,79.22,5.24,1123.0,RM003,Evening,0
B075,M06,76.78,4.46,1275.0,RM003,Evening,0
B075,M06,76.76,5.15,1192.0,RM003,Evening,0
B075,M06,79.09,5.08,1193.0,RM003,Evening,0
B075,M06,81.48,5.56,1064.0,RM003,Evening,0
B075,M06,85.93,5.36,1355.0,RM003,Evening,0
B075,M06,91.3,5.71,,RM003,Evening,0
B075,M06,83.37,5.02,1098.0,RM003,Evening,0
B075,M06,86.02,4.59,1063.0,RM003,Evening,0
B075,M06,85.48,5.41,1357.0,RM003,Evening,0
B075,M06,97.35,5.54,1216.0,RM003,Evening,0
B075,M06,85.26,5.12,1136.0,RM003,Evening,0
B075,M06,81.19,3.87,1414.0,RM003,Evening,0
B075,M06,84.61,5.5,1174.0,RM003,Evening,0
B075,M06,80.19,6.43,981.0,RM003,Evening,0
B075,M06,85.81,5.34,1178.0,RM003,Evening,0
B075,M06,92.45,5.2,1266.0,RM003,Evening,0
B075,M06,91.56,4.35,930.0,RM003,Evening,0
B075,M06,74.83,,1277.0,RM003,Evening,0
B075,M06,91.95,4.76,1282.0,RM003,Evening,0
B075,M06,77.86,5.25,,RM003,Evening,0
B075,M06,72.12,5.85,1318.0,RM003,Evening,0
B075,M06,85.49,5.11,1077.0,RM003,Evening,0
B075,M06,83.79,6.21,1302.0,RM003,Evening,0
B075,M06,78.15,5.2,1391.0,RM003,Evening,0
B075,M06,90.95,5.27,1288.0,RM003,Evening,0
B075,M06,81.32,4.8,983.0,RM003,Evening,0
B075,M06,82.33,4.94,1162.0,RM003,Evening,0
B075,M06,74.91,5.65,1251.0,RM003,Evening,0
B075,M06,88.05,4.73,1262.0,RM003,Evening,0
B075,M06,73.4,5.04,1169.0,RM003,Evening,0
B075,M06,103.83,5.02,1242.0,RM003,Evening,0
B075,M06,70.87,5.43,1260.0,RM003,Evening,0
B075,M06,80.65,4.4,1291.0,RM003,Evening,0
B075,M06,70.53,5.23,1309.0,RM003,Evening,0
B075,M06,94.28,4.24,1250.0,RM003,Evening,0
B075,M06,89.17,4.32,1035.0,RM003,Evening,1
B075,M06,82.16,5.15,1313.0,RM003,Evening,0
B075,M06,83.33,4.83,1186.0,RM003,Evening,0
B075,M06,100.01,,,RM003,Evening,0
B076,M03,79.09,5.01,1289.0,RM008,Morning,0
B076,M03,80.3,4.63,1217.0,RM008,Morning,0
B076,M03,67.45,5.05,1272.0,RM008,Morning,0
B076,M03,72.05,5.09,1275.0,RM008,Morning,0
B076,M03,86.65,4.68,1051.0,RM008,Morning,0
B076,M03,78.98,5.78,971.0,RM008,Morning,0
B076,M03,86.92,4.64,1327.0,RM008,Morning,0
B076,M03,85.41,5.76,1119.0,RM008,Morning,0
B076,M03,86.99,4.42,1127.0,RM008,Morning,0
B076,M03,73.54,4.86,1228.0,RM008,Morning,0
B076,M03,89.55,5.12,1094.0,RM008,Morning,0
B076,M03,93.85,5.29,1238.0,RM008,Morning,0
B076,M03,85.3,4.96,1178.0,RM008,Morning,0
B076,M03,80.73,5.63,1037.0,RM008,Morning,0
B076,M03,97.95,5.17,1176.0,RM008,Morning,0
B076,M03,86.68,5.48,,RM008,Morning,0
B076,M03,87.78,4.57,1154.0,RM008,Morning,0
B076,M03,68.83,5.42,1328.0,RM008,Morning,0
B076,M03,68.05,5.58,1093.0,RM008,Morning,1
B076,M03,76.67,4.66,1200.0,RM008,Morning,0
B076,M03,80.11,5.52,1207.0,RM008,Morning,0
B076,M03,90.84,5.31,1344.0,RM008,Morning,0
B076,M03,87.73,5.03,839.0,RM008,Morning,0
B076,M03,82.98,5.22,1204.0,RM008,Morning,0
B076,M03,97.72,5.22,1300.0,RM008,Morning,0
B076,M03,89.04,5.65,1521.0,RM008,Morning,0
B076,M03,78.81,3.55,1119.0,RM008,Morning,0
B076,M03,93.4,5.26,1198.0,RM008,Morning,1
B076,M03,86.54,5.34,1219.0,RM008,Morning,0
B076,M03,,5.26,1216.0,RM008,Morning,0
B076,M03,105.86,4.54,1587.0,RM008,Morning,0
B076,M03,92.86,5.02,1317.0,RM008,Morning,0
B076,M03,81.16,4.79,1249.0,RM008,Morning,0
B076,M03,96.24,5.08,1231.0,RM008,Morning,0
B076,M03,87.93,4.52,1364.0,RM008,Morning,0
B076,M03,95.62,4.69,1012.0,RM008,Morning,0
B076,M03,79.95,5.34,1358.0,RM008,Morning,0
B076,M03,91.99,6.08,1061.0,RM008,Morning,0
B076,M03,87.5,5.06,1200.0,RM008,Morning,1
B076,M03,75.28,5.11,1177.0,RM008,Morning,0
B076,M03,81.45,4.88,1407.0,RM008,Morning,0
B076,M03,,4.97,1231.0,RM008,Morning,0
B076,M03,70.89,4.66,1259.0,RM008,Morning,0
B076,M03,89.18,5.93,1384.0,RM008,Morning,0
B076,M03,89.73,4.78,1270.0,RM008,Morning,0
B076,M03,79.06,5.46,,RM008,Morning,0
B076,M03,63.89,5.56,1322.0,RM008,Morning,0
B076,M03,79.79,5.53,1256.0,RM008,Morning,0
B076,M03,87.93,4.97,1368.0,RM008,Morning,0
B076,M03,77.91,5.1,1183.0,RM008,Morning,0
B077,M02,90.67,5.62,1269.0,RM012,Evening,0
B077,M02,88.22,5.34,1200.0,RM012,Evening,0
B077,M02,81.23,3.78,1300.0,RM012,Evening,0
B077,M02,88.84,4.94,1158.0,RM012,Evening,1
B077,M02,83.16,5.55,1173.0,RM012,Evening,0
B077,M02,77.8,5.22,1145.0,RM012,Evening,0
B077,M02,92.92,5.12,1239.0,RM012,Evening,0
B077,M02,91.62,5.57,1378.0,RM012,Evening,0
B077,M02,77.9,4.16,1143.0,RM012,Evening,0
B077,M02,86.95,4.36,1241.0,RM012,Evening,0
B077,M02,99.13,5.17,999.0,RM012,Evening,1
B077,M02,74.12,4.4,1100.0,RM012,Evening,0
B077,M02,84.71,5.39,1331.0,RM012,Evening,0
B077,M02,,5.84,1025.0,RM012,Evening,0
B077,M02,81.06,4.99,1220.0,RM012,Evening,0
B077,M02,75.39,4.85,1255.0,RM012,Evening,0
B077,M02,95.95,4.61,1175.0,RM012,Evening,0
B077,M02,74.31,4.68,1079.0,RM012,Evening,1
B077,M02,71.99,5.44,989.0,RM012,Evening,0
B077,M02,94.88,4.22,1133.0,RM012,Evening,0
B077,M02,68.05,5.28,1083.0,RM012,Evening,0
B077,M02,76.25,4.95,1113.0,RM012,Evening,0
B077,M02,93.98,4.49,1414.0,RM012,Evening,0
B077,M02,85.93,4.48,1484.0,RM012,Evening,0
B077,M02,84.58,5.56,1151.0,RM012,Evening,1
B077,M02,86.54,4.81,1258.0,RM012,Evening,0
B077,M02,102.75,5.56,1457.0,RM012,Evening,0
B077,M02,77.38,3.9,1323.0,RM012,Evening,0
B077,M02,88.1,4.8,1299.0,RM012,Evening,0
B077,M02,73.41,4.98,1005.0,RM012,Evening,1
B077,M02,85.96,6.27,1288.0,RM012,Evening,1
B077,M02,86.95,4.78,1226.0,RM012,Evening,0
B077,M02,86.13,4.62,1112.0,RM012,Evening,0
B077,M02,80.71,4.15,1295.0,RM012,Evening,0
B077,M02,72.86,4.31,1240.0,RM012,Evening,0
B077,M02,78.34,5.12,1277.0,RM012,Evening,0
B077,M02,71.37,,1181.0,RM012,Evening,0
B077,M02,75.29,5.16,1306.0,RM012,Evening,0
B077,M02,75.38,4.85,1384.0,RM012,Evening,0
B077,M02,83.0,4.55,1304.0,RM012,Evening,0
B077,M02,88.23,4.52,1355.0,RM012,Evening,0
B077,M02,77.84,5.12,1377.0,RM012,Evening,0
B077,M02,94.37,4.6,1206.0,RM012,Evening,0
B077,M02,86.7,4.33,1238.0,RM012,Evening,0
B077,M02,71.22,5.23,1003.0,RM012,Evening,0
B077,M02,81.06,4.6,1286.0,RM012,Evening,0
B077,M02,85.28,5.08,1089.0,RM012,Evening,0
B077,M02,89.69,4.79,1105.0,RM012,Evening,0
B077,M02,74.01,4.71,1080.0,RM012,Evening,0
B077,M02,84.3,,1262.0,RM012,Evening,0
B078,M06,93.85,5.79,1219.0,RM015,Night,0
B078,M06,97.04,4.61,1431.0,RM015,Night,0
B078,M06,82.22,4.65,1080.0,RM015,Night,0
B078,M06,88.6,4.55,1181.0,RM015,Night,0
B078,M06,86.61,5.64,1390.0,RM015,Night,0
B078,M06,100.11,4.81,1239.0,RM015,Night,0
B078,M06,82.99,4.26,1191.0,RM015,Night,0
B078,M06,79.06,4.6,971.0,RM015,Night,0
B078,M06,94.61,5.68,1151.0,RM015,Night,0
B078,M06,84.57,4.7,1488.0,RM015,Night,0
B078,M06,84.44,5.4,1007.0,RM015,Night,0
B078,M06,90.09,6.23,1111.0,RM015,Night,0
B078,M06,81.42,6.03,1115.0,RM015,Night,0
B078,M06,63.2,5.41,1068.0,RM015,Night,0
B078,M06,85.45,4.81,1191.0,RM015,Night,0
B078,M06,71.07,4.36,822.0,RM015,Night,0
B078,M06,84.02,4.41,1148.0,RM015,Night,0
B078,M06,78.42,5.5,1248.0,RM015,Night,0
B078,M06,81.89,6.23,1082.0,RM015,Night,1
B078,M06,90.9,5.01,1105.0,RM015,Night,0
B078,M06,81.95,5.85,1231.0,RM015,Night,1
B078,M06,66.83,5.49,1194.0,RM015,Night,0
B078,M06,82.6,5.43,1469.0,RM015,Night,1
B078,M06,88.75,4.38,,RM015,Night,1
B078,M06,81.53,5.12,1411.0,RM015,Night,0
B078,M06,106.49,5.06,1334.0,RM015,Night,0
B078,M06,76.14,5.93,1308.0,RM015,Night,0
B078,M06,86.97,5.45,1263.0,RM015,Night,0
B078,M06,81.35,5.22,1248.0,RM015,Night,0
B078,M06,71.64,4.94,1082.0,RM015,Night,0
B078,M06,83.15,5.72,,RM015,Night,0
B078,M06,105.81,4.88,1299.0,RM015,Night,1
B078,M06,90.35,5.08,1262.0,RM015,Night,0
B078,M06,,4.56,1098.0,RM015,Night,0
B078,M06,92.95,5.27,1390.0,RM015,Night,0
B078,M06,91.38,,1185.0,RM015,Night,0
B078,M06,79.45,5.1,1330.0,RM015,Night,0
B078,M06,77.2,3.94,1015.0,RM015,Night,1
B078,M06,73.86,4.92,1273.0,RM015,Night,0
B078,M06,81.76,6.4,958.0,RM015,Night,0
B078,M06,81.03,6.1,1135.0,RM015,Night,0
B078,M06,86.57,4.31,1210.0,RM015,Night,0
B078,M06,84.26,5.37,1092.0,RM015,Night,1
B078,M06,93.72,5.04,1101.0,RM015,Night,0
B078,M06,89.17,5.41,1458.0,RM015,Night,0
B078,M06,68.96,4.48,1141.0,RM015,Night,0
B078,M06,62.33,5.37,1304.0,RM015,Night,0
B078,M06,82.39,5.11,1054.0,RM015,Night,0
B078,M06,90.94,5.65,1151.0,RM015,Night,0
B078,M06,79.19,4.79,1107.0,RM015,Night,0
B079,M04,74.06,5.93,1256.0,RM005,Evening,0
B079,M04,90.42,4.78,1252.0,RM005,Evening,0
B079,M04,87.65,5.28,985.0,RM005,Evening,0
B079,M04,86.13,5.59,1020.0,RM005,Evening,0
B079,M04,94.57,5.77,1251.0,RM005,Evening,0
B079,M04,95.78,4.94,1453.0,RM005,Evening,0
B079,M04,92.19,4.96,1121.0,RM005,Evening,0
B079,M04,82.33,5.51,1187.0,RM005,Evening,0
B079,M04,90.78,5.58,1129.0,RM005,Evening,0
B079,M04,80.43,5.2,1329.0,RM005,Evening,0
B079,M04,114.46,4.15,994.0,RM005,Evening,0
B079,M04,85.43,5.23,1135.0,RM005,Evening,0
B079,M04,75.1,4.35,1343.0,RM005,Evening,0
B079,M04,96.73,5.46,1234.0,RM005,Evening,0
B079,M04,85.06,5.95,1170.0,RM005,Evening,0
B079,M04,96.91,5.86,1093.0,RM005,Evening,0
B079,M04,76.03,5.29,1248.0,RM005,Evening,0
B079,M04,93.94,3.95,1207.0,RM005,Evening,0
B079,M04,85.14,5.01,1013.0,RM005,Evening,0
B079,M04,91.61,5.44,1240.0,RM005,Evening,0
B079,M04,,4.75,1190.0,RM005,Evening,0
B079,M04,89.75,3.98,1044.0,RM005,Evening,0
B079,M04,90.72,4.4,1184.0,RM005,Evening,0
B079,M04,88.47,4.71,1331.0,RM005,Evening,0
B079,M04,90.15,5.65,1210.0,RM005,Evening,0
B079,M04,69.66,5.22,1263.0,RM005,Evening,0
B079,M04,78.22,5.26,1207.0,RM005,Evening,0
B079,M04,92.15,4.94,1210.0,RM005,Evening,0
B079,M04,81.07,5.82,1363.0,RM005,Evening,0
B079,M04,78.66,5.27,1077.0,RM005,Evening,0
B079,M04,83.17,5.65,1171.0,RM005,Evening,0
B079,M04,90.93,5.03,1451.0,RM005,Evening,0
B079,M04,76.85,5.3,1307.0,RM005,Evening,0
B079,M04,80.14,4.92,1257.0,RM005,Evening,0
B079,M04,85.66,5.12,1135.0,RM005,Evening,0
B079,M04,84.43,4.56,1208.0,RM005,Evening,0
B079,M04,106.59,4.76,1170.0,RM005,Evening,0
B079,M04,87.97,4.71,1105.0,RM005,Evening,0
B079,M04,87.79,3.85,1110.0,RM005,Evening,0
B079,M04,85.39,5.02,1309.0,RM005,Evening,1
B079,M04,72.34,3.96,1094.0,RM005,Evening,0
B079,M04,75.07,4.38,1386.0,RM005,Evening,0
B079,M04,86.82,5.44,1231.0,RM005,Evening,0
B079,M04,84.18,4.61,1283.0,RM005,Evening,0
B079,M04,70.56,4.88,1295.0,RM005,Evening,0
B079,M04,82.69,5.49,1085.0,RM005,Evening,0
B079,M04,84.09,5.53,1199.0,RM005,Evening,0
B079,M04,81.28,4.85,1289.0,RM005,Evening,0
B079,M04,97.25,4.75,,RM005,Evening,0
B079,M04,79.22,5.0,1178.0,RM005,Evening,0
B080,M03,85.18,6.28,1131.0,RM013,Morning,0
B080,M03,82.08,4.24,1305.0,RM013,Morning,0
B080,M03,83.53,5.28,1191.0,RM013,Morning,0
B080,M03,79.35,5.07,1154.0,RM013,Morning,0
B080,M03,77.28,4.68,1104.0,RM013,Morning,1
B080,M03,89.73,5.16,1196.0,RM013,Morning,0
B080,M03,76.98,4.32,1082.0,RM013,Morning,0
B080,M03,99.18,4.43,1051.0,RM013,Morning,0
B080,M03,92.56,4.95,1152.0,RM013,Morning,0
B080,M03,99.99,4.17,1150.0,RM013,Morning,0
B080,M03,94.65,4.73,1280.0,RM013,Morning,0
B080,M03,93.62,4.39,1279.0,RM013,Morning,0
B080,M03,87.42,5.22,1214.0,RM013,Morning,0
B080,M03,89.97,5.28,1602.0,RM013,Morning,0
B080,M03,86.04,5.14,964.0,RM013,Morning,0
B080,M03,78.88,5.13,1209.0,RM013,Morning,0
B080,M03,83.27,5.37,1119.0,RM013,Morning,0
B080,M03,86.99,4.38,1099.0,RM013,Morning,0
B080,M03,82.35,5.57,1138.0,RM013,Morning,0
B080,M03,87.4,4.48,1448.0,RM013,Morning,1
B080,M03,85.44,,,RM013,Morning,0
B080,M03,88.7,5.12,1007.0,RM013,Morning,0
B080,M03,88.39,5.8,1248.0,RM013,Morning,0
B080,M03,74.13,5.1,1259.0,RM013,Morning,0
B080,M03,75.58,4.95,1357.0,RM013,Morning,0
B080,M03,81.48,5.14,1327.0,RM013,Morning,1
B080,M03,82.36,4.49,1233.0,RM013,Morning,0
B080,M03,83.74,4.43,1202.0,RM013,Morning,0
B080,M03,80.99,4.62,1109.0,RM013,Morning,0
B080,M03,82.83,4.74,1215.0,RM013,Morning,0
B080,M03,81.29,4.04,1178.0,RM013,Morning,0
B080,M03,81.71,4.9,1172.0,RM013,Morning,0
B080,M03,71.18,4.74,1032.0,RM013,Morning,0
B080,M03,78.08,4.83,1360.0,RM013,Morning,1
B080,M03,88.28,5.7,1192.0,RM013,Morning,0
B080,M03,71.54,5.33,1078.0,RM013,Morning,1
B080,M03,60.64,5.27,1280.0,RM013,Morning,0
B080,M03,76.15,4.65,1239.0,RM013,Morning,0
B080,M03,81.96,4.49,1222.0,RM013,Morning,0
B080,M03,89.19,4.47,,RM013,Morning,0
B080,M03,89.2,4.57,1174.0,RM013,Morning,0
B080,M03,80.6,4.7,1057.0,RM013,Morning,0
B080,M03,85.03,5.0,1091.0,RM013,Morning,0
B080,M03,89.04,4.71,1182.0,RM013,Morning,0
B080,M03,86.72,4.81,1111.0,RM013,Morning,0
B080,M03,99.1,4.86,1311.0,RM013,Morning,0
B080,M03,89.19,,,RM013,Morning,0
B080,M03,84.94,4.65,1258.0,RM013,Morning,0
B080,M03,95.86,4.94,1123.0,RM013,Morning,0
B080,M03,106.36,5.74,1071.0,RM013,Morning,0
B081,M06,94.26,4.86,1161.0,RM013,Morning,0
B081,M06,82.59,5.22,1138.0,RM013,Morning,0
B081,M06,73.9,4.58,1165.0,RM013,Morning,0
B081,M06,82.55,4.89,1158.0,RM013,Morning,0
B081,M06,78.05,4.83,1013.0,RM013,Morning,0
B081,M06,88.27,5.57,1141.0,RM013,Morning,0
B081,M06,92.64,4.7,1520.0,RM013,Morning,0
B081,M06,87.63,4.54,1037.0,RM013,Morning,0
B081,M06,72.52,4.76,1547.0,RM013,Morning,0
B081,M06,106.83,5.23,1244.0,RM013,Morning,0
B081,M06,92.93,4.35,1192.0,RM013,Morning,0
B081,M06,,5.71,1256.0,RM013,Morning,0
B081,M06,87.89,4.67,1223.0,RM013,Morning,0
B081,M06,85.54,4.24,977.0,RM013,Morning,0
B081,M06,89.87,5.1,1307.0,RM013,Morning,0
B081,M06,94.94,5.09,1403.0,RM013,Morning,0
B081,M06,75.57,4.6,1085.0,RM013,Morning,0
B081,M06,85.56,4.42,1108.0,RM013,Morning,0
B081,M06,96.31,5.19,1214.0,RM013,Morning,0
B081,M06,90.87,5.21,1341.0,RM013,Morning,0
B081,M06,66.18,5.1,1307.0,RM013,Morning,0
B081,M06,86.09,5.67,1084.0,RM013,Morning,0
B081,M06,75.32,4.88,1483.0,RM013,Morning,0
B081,M06,95.5,4.5,1073.0,RM013,Morning,0
B081,M06,84.73,4.32,1242.0,RM013,Morning,0
B081,M06,76.96,5.81,1137.0,RM013,Morning,0
B081,M06,81.63,4.92,,RM013,Morning,0
B081,M06,84.0,5.48,1020.0,RM013,Morning,0
B081,M06,82.34,4.71,1397.0,RM013,Morning,0
B081,M06,98.11,5.43,1043.0,RM013,Morning,0
B081,M06,81.14,4.98,1128.0,RM013,Morning,1
B081,M06,76.41,5.6,1183.0,RM013,Morning,0
B081,M06,70.39,5.49,1136.0,RM013,Morning,0
B081,M06,97.88,4.72,1076.0,RM013,Morning,0
B081,M06,80.46,4.61,1133.0,RM013,Morning,0
B081,M06,85.83,4.46,1332.0,RM013,Morning,0
B081,M06,81.07,5.31,1204.0,RM013,Morning,0
B081,M06,89.68,5.23,1148.0,RM013,Morning,0
B081,M06,,4.62,,RM013,Morning,0
B081,M06,83.02,5.39,1147.0,RM013,Morning,0
B081,M06,77.7,4.43,1054.0,RM013,Morning,0
B081,M06,87.92,4.44,1298.0,RM013,Morning,1
B081,M06,75.03,4.45,986.0,RM013,Morning,0
B081,M06,76.36,5.01,1161.0,RM013,Morning,0
B081,M06,75.42,3.86,1167.0,RM013,Morning,0
B081,M06,79.94,4.89,1156.0,RM013,Morning,0
B081,M06,81.09,4.06,1194.0,RM013,Morning,0
B081,M06,83.75,5.25,1454.0,RM013,Morning,0
B081,M06,69.62,5.85,,RM013,Morning,0
B081,M06,83.92,4.64,1152.0,RM013,Morning,0
B082,M06,90.03,5.0,1408.0,RM009,Morning,0
B082,M06,102.98,6.19,1175.0,RM009,Morning,0
B082,M06,74.76,5.92,1195.0,RM009,Morning,0
B082,M06,78.81,4.4,1355.0,RM009,Morning,0
B082,M06,81.32,5.49,1173.0,RM009,Morning,0
B082,M06,80.27,5.21,1299.0,RM009,Morning,0
B082,M06,85.81,4.93,1061.0,RM009,Morning,0
B082,M06,72.44,5.38,1197.0,RM009,Morning,0
B082,M06,93.45,5.42,1014.0,RM009,Morning,0
B082,M06,74.71,5.75,,RM009,Morning,0
B082,M06,91.31,5.02,1125.0,RM009,Morning,1
B082,M06,88.81,4.66,1125.0,RM009,Morning,0
B082,M06,77.21,5.25,1314.0,RM009,Morning,0
B082,M06,91.54,5.47,1105.0,RM009,Morning,0
B082,M06,97.61,6.25,1229.0,RM009,Morning,1
B082,M06,69.92,4.2,1252.0,RM009,Morning,0
B082,M06,87.06,4.79,1213.0,RM009,Morning,0
B082,M06,74.82,5.57,1073.0,RM009,Morning,0
B082,M06,83.73,5.81,1045.0,RM009,Morning,0
B082,M06,,4.34,1355.0,RM009,Morning,0
B082,M06,80.08,5.09,989.0,RM009,Morning,0
B082,M06,89.18,5.37,1417.0,RM009,Morning,0
B082,M06,88.19,5.46,,RM009,Morning,0
B082,M06,81.42,4.95,1070.0,RM009,Morning,0
B082,M06,70.85,4.67,1419.0,RM009,Morning,0
B082,M06,84.88,4.6,1141.0,RM009,Morning,0
B082,M06,78.22,4.85,1007.0,RM009,Morning,0
B082,M06,90.01,5.13,1210.0,RM009,Morning,0
B082,M06,89.21,4.65,,RM009,Morning,1
B082,M06,86.4,4.08,1109.0,RM009,Morning,0
B082,M06,80.91,4.65,,RM009,Morning,0
B082,M06,75.55,4.98,1140.0,RM009,Morning,0
B082,M06,76.16,4.95,1122.0,RM009,Morning,0
B082,M06,79.04,5.1,1265.0,RM009,Morning,1
B082,M06,92.14,4.57,1080.0,RM009,Morning,0
B082,M06,,4.55,1027.0,RM009,Morning,0
B082,M06,89.48,5.12,1335.0,RM009,Morning,0
B082,M06,75.12,4.09,1220.0,RM009,Morning,0
B082,M06,82.0,4.89,1134.0,RM009,Morning,0
B082,M06,83.51,4.75,1142.0,RM009,Morning,0
B082,M06,83.63,6.42,1386.0,RM009,Morning,0
B082,M06,98.39,6.39,1185.0,RM009,Morning,0
B082,M06,106.24,4.84,1060.0,RM009,Morning,0
B082,M06,86.13,5.33,1378.0,RM009,Morning,0
B082,M06,67.17,4.94,1246.0,RM009,Morning,0
B082,M06,81.57,5.36,1174.0,RM009,Morning,0
B082,M06,82.53,6.43,1108.0,RM009,Morning,0
B082,M06,76.91,4.93,1424.0,RM009,Morning,0
B082,M06,71.15,,1201.0,RM009,Morning,0
B082,M06,77.1,5.78,1155.0,RM009,Morning,0
B083,M01,89.05,5.46,1048.0,RM004,Night,0
B083,M01,88.99,4.39,1354.0,RM004,Night,0
B083,M01,90.06,6.38,,RM004,Night,0
B083,M01,88.29,5.16,868.0,RM004,Night,0
B083,M01,88.75,4.23,1182.0,RM004,Night,0
B083,M01,88.35,5.45,1221.0,RM004,Night,1
B083,M01,79.92,4.97,1040.0,RM004,Night,0
B083,M01,86.62,4.98,1231.0,RM004,Night,0
B083,M01,79.58,4.2,1396.0,RM004,Night,1
B083,M01,93.47,4.81,1327.0,RM004,Night,0
B083,M01,100.14,4.77,1035.0,RM004,Night,0
B083,M01,102.39,5.54,1047.0,RM004,Night,0
B083,M01,96.55,4.96,1138.0,RM004,Night,0
B083,M01,100.26,4.71,1223.0,RM004,Night,1
B083,M01,83.34,3.81,1356.0,RM004,Night,0
B083,M01,85.49,4.31,1292.0,RM004,Night,1
B083,M01,95.11,4.49,1317.0,RM004,Night,1
B083,M01,89.11,5.35,1333.0,RM004,Night,0
B083,M01,102.11,4.16,1204.0,RM004,Night,1
B083,M01,107.22,4.32,1086.0,RM004,Night,1
B083,M01,101.78,4.59,1279.0,RM004,Night,1
B083,M01,105.93,4.93,1007.0,RM004,Night,1
B083,M01,90.77,4.64,1278.0,RM004,Night,1
B083,M01,94.11,5.1,1275.0,RM004,Night,0
B083,M01,89.5,4.77,1376.0,RM004,Night,0
B083,M01,89.22,4.58,1116.0,RM004,Night,0
B083,M01,100.09,5.54,1261.0,RM004,Night,1
B083,M01,95.82,4.63,1299.0,RM004,Night,0
B083,M01,77.61,4.15,1186.0,RM004,Night,0
B083,M01,,,1130.0,RM004,Night,1
B083,M01,,4.65,1183.0,RM004,Night,0
B083,M01,91.59,4.67,1326.0,RM004,Night,1
B083,M01,82.41,4.57,1288.0,RM004,Night,0
B083,M01,84.46,4.86,1110.0,RM004,Night,0
B083,M01,95.55,,1350.0,RM004,Night,1
B083,M01,85.49,4.99,1264.0,RM004,Night,1
B083,M01,84.16,4.38,1417.0,RM004,Night,1
B083,M01,93.48,4.77,1337.0,RM004,Night,0
B083,M01,88.7,4.38,1323.0,RM004,Night,0
B083,M01,99.28,5.0,1272.0,RM004,Night,1
B083,M01,106.31,5.65,1295.0,RM004,Night,0
B083,M01,79.84,4.56,1197.0,RM004,Night,1
B083,M01,102.2,4.34,1334.0,RM004,Night,0
B083,M01,104.48,4.83,1067.0,RM004,Night,0
B083,M01,83.08,4.61,1296.0,RM004,Night,1
B083,M01,94.59,4.76,1191.0,RM004,Night,1
B083,M01,81.19,4.45,1188.0,RM004,Night,1
B083,M01,83.21,4.99,1358.0,RM004,Night,0
B083,M01,83.09,4.99,1369.0,RM004,Night,0
B083,M01,87.72,5.13,1010.0,RM004,Night,0
B084,M01,92.32,4.7,,RM006,Night,0
B084,M01,90.69,5.09,1245.0,RM006,Night,0
B084,M01,95.31,5.11,1169.0,RM006,Night,0
B084,M01,81.13,4.12,1090.0,RM006,Night,0
B084,M01,93.76,5.45,1318.0,RM006,Night,0
B084,M01,93.58,5.64,1097.0,RM006,Night,1
B084,M01,101.49,5.27,1271.0,RM006,Night,1
B084,M01,76.21,5.11,1281.0,RM006,Night,0
B084,M01,94.32,5.07,1184.0,RM006,Night,1
B084,M01,95.86,4.73,1388.0,RM006,Night,1
B084,M01,90.61,4.64,1138.0,RM006,Night,0
B084,M01,86.85,4.17,1277.0,RM006,Night,1
B084,M01,96.65,5.31,1292.0,RM006,Night,1
B084,M01,83.74,4.69,1201.0,RM006,Night,0
B084,M01,91.59,4.38,,RM006,Night,1
B084,M01,82.03,5.46,1253.0,RM006,Night,0
B084,M01,93.38,5.58,1359.0,RM006,Night,0
B084,M01,85.27,5.75,1382.0,RM006,Night,0
B084,M01,81.95,,1066.0,RM006,Night,1
B084,M01,94.55,4.66,1201.0,RM006,Night,1
B084,M01,80.27,5.09,1269.0,RM006,Night,1
B084,M01,104.3,5.48,1021.0,RM006,Night,1
B084,M01,86.9,5.29,,RM006,Night,0
B084,M01,94.8,4.99,1373.0,RM006,Night,0
B084,M01,91.36,5.42,,RM006,Night,0
B084,M01,106.59,4.62,1205.0,RM006,Night,0
B084,M01,101.16,5.04,1297.0,RM006,Night,0
B084,M01,74.03,4.5,1207.0,RM006,Night,0
B084,M01,89.55,4.43,1353.0,RM006,Night,0
B084,M01,102.49,4.32,1074.0,RM006,Night,0
B084,M01,79.57,4.53,1228.0,RM006,Night,0
B084,M01,90.28,5.16,1427.0,RM006,Night,0
B084,M01,75.43,5.07,1226.0,RM006,Night,0
B084,M01,92.31,5.28,1008.0,RM006,Night,1
B084,M01,94.28,,1267.0,RM006,Night,1
B084,M01,90.55,4.75,1158.0,RM006,Night,1
B084,M01,96.35,4.97,1088.0,RM006,Night,0
B084,M01,103.61,5.19,1444.0,RM006,Night,0
B084,M01,89.35,5.31,1194.0,RM006,Night,0
B084,M01,84.65,5.54,1164.0,RM006,Night,0
B084,M01,92.42,4.37,1247.0,RM006,Night,1
B084,M01,88.15,4.95,1219.0,RM006,Night,0
B084,M01,100.37,4.88,1120.0,RM006,Night,0
B084,M01,83.03,4.65,1270.0,RM006,Night,1
B084,M01,89.47,6.01,1403.0,RM006,Night,1
B084,M01,89.68,5.75,1286.0,RM006,Night,0
B084,M01,93.0,5.27,1274.0,RM006,Night,1
B084,M01,100.17,4.93,1043.0,RM006,Night,0
B084,M01,98.23,4.86,1351.0,RM006,Night,1
B084,M01,99.15,4.73,1319.0,RM006,Night,0
B085,M06,71.89,4.78,1286.0,RM012,Evening,0
B085,M06,96.01,5.08,1227.0,RM012,Evening,1
B085,M06,88.05,4.99,1200.0,RM012,Evening,0
B085,M06,,5.48,1194.0,RM012,Evening,0
B085,M06,79.62,4.66,1160.0,RM012,Evening,0
B085,M06,86.97,5.18,1024.0,RM012,Evening,0
B085,M06,77.58,4.78,,RM012,Evening,0
B085,M06,88.99,4.91,1125.0,RM012,Evening,0
B085,M06,,4.13,1311.0,RM012,Evening,0
B085,M06,81.3,4.42,1283.0,RM012,Evening,0
B085,M06,84.08,4.95,1280.0,RM012,Evening,0
B085,M06,,5.91,1274.0,RM012,Evening,0
B085,M06,88.72,4.18,1400.0,RM012,Evening,0
B085,M06,72.33,5.67,1210.0,RM012,Evening,0
B085,M06,84.69,4.47,,RM012,Evening,0
B085,M06,64.06,4.44,1139.0,RM012,Evening,0
B085,M06,76.87,4.91,1086.0,RM012,Evening,1
B085,M06,95.21,5.24,1072.0,RM012,Evening,0
B085,M06,,4.1,1084.0,RM012,Evening,1
B085,M06,76.04,5.03,,RM012,Evening,0
B085,M06,82.81,5.64,,RM012,Evening,1
B085,M06,,4.82,1304.0,RM012,Evening,0
B085,M06,95.86,4.83,1168.0,RM012,Evening,0
B085,M06,91.94,5.03,1266.0,RM012,Evening,0
B085,M06,87.82,5.44,1135.0,RM012,Evening,0
B085,M06,83.02,4.79,1186.0,RM012,Evening,0
B085,M06,86.78,4.72,1324.0,RM012,Evening,0
B085,M06,96.14,4.98,1314.0,RM012,Evening,0
B085,M06,81.51,4.05,1098.0,RM012,Evening,0
B085,M06,89.33,4.5,1105.0,RM012,Evening,0
B085,M06,94.52,5.93,996.0,RM012,Evening,0
B085,M06,88.55,5.58,1333.0,RM012,Evening,0
B085,M06,85.75,5.79,873.0,RM012,Evening,0
B085,M06,80.74,3.83,1181.0,RM012,Evening,0
B085,M06,84.6,5.96,1121.0,RM012,Evening,0
B085,M06,76.99,3.83,1271.0,RM012,Evening,0
B085,M06,87.38,4.72,1218.0,RM012,Evening,0
B085,M06,,4.79,1139.0,RM012,Evening,0
B085,M06,91.95,5.0,1241.0,RM012,Evening,0
B085,M06,78.18,4.18,1101.0,RM012,Evening,0
B085,M06,77.65,5.39,1270.0,RM012,Evening,0
B085,M06,93.7,5.28,1200.0,RM012,Evening,0
B085,M06,87.86,5.59,1082.0,RM012,Evening,0
B085,M06,85.37,4.6,1328.0,RM012,Evening,0
B085,M06,95.0,,1298.0,RM012,Evening,1
B085,M06,89.44,5.49,1165.0,RM012,Evening,0
B085,M06,87.94,5.05,1351.0,RM012,Evening,0
B085,M06,89.36,5.48,1116.0,RM012,Evening,0
B085,M06,82.58,4.37,1295.0,RM012,Evening,0
B085,M06,86.43,5.49,1233.0,RM012,Evening,1
B086,M03,84.23,5.15,1239.0,RM007,Night,1
B086,M03,,4.83,1295.0,RM007,Night,0
B086,M03,73.39,4.87,1101.0,RM007,Night,0
B086,M03,75.89,5.04,1335.0,RM007,Night,0
B086,M03,87.18,5.58,1158.0,RM007,Night,0
B086,M03,99.82,5.15,1036.0,RM007,Night,0
B086,M03,99.43,4.82,1255.0,RM007,Night,0
B086,M03,77.62,5.31,1061.0,RM007,Night,0
B086,M03,95.14,4.73,,RM007,Night,1
B086,M03,94.12,4.52,1102.0,RM007,Night,0
B086,M03,89.28,4.38,1162.0,RM007,Night,1
B086,M03,86.7,5.5,909.0,RM007,Night,0
B086,M03,83.38,5.12,1181.0,RM007,Night,0
B086,M03,84.89,4.98,1296.0,RM007,Night,0
B086,M03,80.31,4.73,1033.0,RM007,Night,0
B086,M03,96.02,4.48,1310.0,RM007,Night,0
B086,M03,93.43,5.85,987.0,RM007,Night,0
B086,M03,82.63,4.71,1384.0,RM007,Night,0
B086,M03,85.45,4.61,1232.0,RM007,Night,0
B086,M03,86.6,4.78,1191.0,RM007,Night,0
B086,M03,86.35,5.01,1320.0,RM007,Night,0
B086,M03,87.04,4.1,1147.0,RM007,Night,1
B086,M03,,5.01,1180.0,RM007,Night,0
B086,M03,92.8,4.39,1219.0,RM007,Night,0
B086,M03,83.98,4.55,1170.0,RM007,Night,1
B086,M03,83.73,5.1,972.0,RM007,Night,0
B086,M03,81.5,4.88,1051.0,RM007,Night,0
B086,M03,88.62,5.41,1117.0,RM007,Night,0
B086,M03,87.92,,1267.0,RM007,Night,0
B086,M03,89.69,4.88,1330.0,RM007,Night,0
B086,M03,71.18,5.05,1210.0,RM007,Night,0
B086,M03,88.16,4.51,1248.0,RM007,Night,0
B086,M03,97.08,5.06,1248.0,RM007,Night,0
B086,M03,101.22,4.4,1397.0,RM007,Night,0
B086,M03,88.38,5.58,1090.0,RM007,Night,0
B086,M03,86.7,5.86,1447.0,RM007,Night,0
B086,M03,88.53,5.35,1266.0,RM007,Night,0
B086,M03,87.22,4.93,996.0,RM007,Night,0
B086,M03,80.54,4.54,1087.0,RM007,Night,0
B086,M03,87.53,5.4,1202.0,RM007,Night,0
B086,M03,87.11,4.08,1368.0,RM007,Night,0
B086,M03,82.85,5.91,1303.0,RM007,Night,0
B086,M03,74.35,5.17,1183.0,RM007,Night,0
B086,M03,84.29,5.42,1156.0,RM007,Night,0
B086,M03,93.38,4.88,1457.0,RM007,Night,0
B086,M03,,4.47,1274.0,RM007,Night,0
B086,M03,83.88,4.91,1101.0,RM007,Night,0
B086,M03,92.56,5.01,1072.0,RM007,Night,0
B086,M03,95.84,4.55,1161.0,RM007,Night,0
B086,M03,90.26,5.02,1313.0,RM007,Night,0
B087,M03,83.46,4.88,1216.0,RM014,Evening,0
B087,M03,90.76,5.0,1122.0,RM014,Evening,0
B087,M03,106.04,4.39,880.0,RM014,Evening,0
B087,M03,77.76,4.47,1316.0,RM014,Evening,0
B087,M03,82.58,5.8,1257.0,RM014,Evening,0
B087,M03,85.77,5.38,946.0,RM014,Evening,0
B087,M03,66.06,5.85,1178.0,RM014,Evening,0
B087,M03,81.3,4.98,1254.0,RM014,Evening,0
B087,M03,82.55,5.22,1235.0,RM014,Evening,0
B087,M03,60.43,4.88,1172.0,RM014,Evening,0
B087,M03,85.76,3.86,990.0,RM014,Evening,0
B087,M03,84.96,4.81,1126.0,RM014,Evening,1
B087,M03,91.32,4.9,1163.0,RM014,Evening,0
B087,M03,81.85,5.54,859.0,RM014,Evening,1
B087,M03,89.02,4.38,1301.0,RM014,Evening,0
B087,M03,,5.3,1297.0,RM014,Evening,0
B087,M03,86.22,5.33,891.0,RM014,Evening,0
B087,M03,70.53,4.46,1103.0,RM014,Evening,1
B087,M03,76.54,6.02,1269.0,RM014,Evening,1
B087,M03,83.52,5.64,1203.0,RM014,Evening,0
B087,M03,92.94,4.63,1252.0,RM014,Evening,0
B087,M03,90.46,4.91,1487.0,RM014,Evening,0
B087,M03,92.85,5.66,1092.0,RM014,Evening,0
B087,M03,86.52,5.93,1246.0,RM014,Evening,0
B087,M03,79.28,4.88,1149.0,RM014,Evening,1
B087,M03,84.86,4.71,1052.0,RM014,Evening,0
B087,M03,82.88,4.37,1324.0,RM014,Evening,0
B087,M03,82.43,6.05,1439.0,RM014,Evening,0
B087,M03,77.63,5.25,1435.0,RM014,Evening,1
B087,M03,70.08,5.53,1394.0,RM014,Evening,1
B087,M03,94.1,4.07,1241.0,RM014,Evening,0
B087,M03,85.85,5.7,1120.0,RM014,Evening,0
B087,M03,90.85,4.92,1302.0,RM014,Evening,0
B087,M03,85.24,5.43,1353.0,RM014,Evening,0
B087,M03,78.6,5.63,1185.0,RM014,Evening,0
B087,M03,85.2,5.87,1220.0,RM014,Evening,0
B087,M03,80.3,4.67,1049.0,RM014,Evening,1
B087,M03,84.95,4.85,1076.0,RM014,Evening,1
B087,M03,70.79,5.84,1153.0,RM014,Evening,0
B087,M03,78.92,4.63,1203.0,RM014,Evening,1
B087,M03,84.35,4.82,1198.0,RM014,Evening,0
B087,M03,88.75,5.64,1372.0,RM014,Evening,0
B087,M03,78.69,4.85,1165.0,RM014,Evening,0
B087,M03,94.1,4.99,1147.0,RM014,Evening,0
B087,M03,98.93,4.36,1340.0,RM014,Evening,1
B087,M03,88.21,4.21,1204.0,RM014,Evening,0
B087,M03,93.58,5.43,1307.0,RM014,Evening,0
B087,M03,87.18,4.62,1333.0,RM014,Evening,0
B087,M03,90.26,5.74,1209.0,RM014,Evening,0
B087,M03,76.46,4.91,1395.0,RM014,Evening,0
B088,M04,98.18,4.41,1025.0,RM016,Morning,0
B088,M04,74.71,4.99,1415.0,RM016,Morning,0
B088,M04,92.98,5.43,961.0,RM016,Morning,0
B088,M04,88.21,4.91,1209.0,RM016,Morning,0
B088,M04,86.74,4.9,1148.0,RM016,Morning,0
B088,M04,91.48,5.89,,RM016,Morning,0
B088,M04,84.68,4.79,1435.0,RM016,Morning,1
B088,M04,96.3,5.96,1242.0,RM016,Morning,0
B088,M04,75.55,4.21,1208.0,RM016,Morning,0
B088,M04,94.19,6.09,1514.0,RM016,Morning,0
B088,M04,77.85,5.72,1180.0,RM016,Morning,0
B088,M04,95.42,4.65,1394.0,RM016,Morning,0
B088,M04,86.5,5.08,1392.0,RM016,Morning,0
B088,M04,95.19,4.79,1161.0,RM016,Morning,0
B088,M04,84.95,4.77,1157.0,RM016,Morning,0
B088,M04,84.07,4.82,1353.0,RM016,Morning,0
B088,M04,87.45,5.62,1172.0,RM016,Morning,0
B088,M04,77.47,5.04,1315.0,RM016,Morning,0
B088,M04,79.74,4.25,1167.0,RM016,Morning,0
B088,M04,90.89,4.28,1266.0,RM016,Morning,0
B088,M04,78.97,5.0,1248.0,RM016,Morning,1
B088,M04,88.73,5.33,1178.0,RM016,Morning,0
B088,M04,93.37,4.83,1180.0,RM016,Morning,0
B088,M04,109.88,4.77,1365.0,RM016,Morning,0
B088,M04,88.4,4.64,1148.0,RM016,Morning,0
B088,M04,84.47,,1291.0,RM016,Morning,0
B088,M04,104.56,4.79,1230.0,RM016,Morning,0
B088,M04,79.46,4.88,1026.0,RM016,Morning,0
B088,M04,84.03,4.08,1141.0,RM016,Morning,0
B088,M04,102.4,5.17,1097.0,RM016,Morning,0
B088,M04,72.38,5.55,1316.0,RM016,Morning,0
B088,M04,84.59,5.2,1124.0,RM016,Morning,0
B088,M04,83.12,5.07,1024.0,RM016,Morning,0
B088,M04,88.45,3.91,1274.0,RM016,Morning,0
B088,M04,81.52,5.1,1269.0,RM016,Morning,0
B088,M04,80.02,,1231.0,RM016,Morning,0
B088,M04,68.71,5.62,1202.0,RM016,Morning,0
B088,M04,95.26,4.66,1033.0,RM016,Morning,0
B088,M04,88.17,5.28,1168.0,RM016,Morning,1
B088,M04,72.68,5.29,902.0,RM016,Morning,0
B088,M04,81.73,,,RM016,Morning,0
B088,M04,77.11,5.08,1310.0,RM016,Morning,0
B088,M04,78.26,4.58,1221.0,RM016,Morning,0
B088,M04,80.57,4.23,1212.0,RM016,Morning,0
B088,M04,96.14,5.62,1457.0,RM016,Morning,0
B088,M04,90.72,5.43,1281.0,RM016,Morning,0
B088,M04,96.33,5.2,1112.0,RM016,Morning,0
B088,M04,97.44,4.9,1284.0,RM016,Morning,0
B088,M04,73.79,5.05,1337.0,RM016,Morning,0
B088,M04,88.65,4.27,1104.0,RM016,Morning,0
B089,M06,97.47,3.53,1205.0,RM018,Night,0
B089,M06,89.0,4.7,1025.0,RM018,Night,0
B089,M06,97.46,5.57,1315.0,RM018,Night,0
B089,M06,77.66,5.34,1048.0,RM018,Night,0
B089,M06,87.02,5.18,1494.0,RM018,Night,0
B089,M06,86.15,5.55,1074.0,RM018,Night,0
B089,M06,80.62,4.48,1524.0,RM018,Night,0
B089,M06,94.11,4.33,1264.0,RM018,Night,0
B089,M06,,4.85,1143.0,RM018,Night,0
B089,M06,81.94,4.89,1072.0,RM018,Night,0
B089,M06,97.38,5.02,1188.0,RM018,Night,1
B089,M06,67.57,5.6,1314.0,RM018,Night,0
B089,M06,88.04,5.1,1307.0,RM018,Night,0
B089,M06,92.14,4.8,1068.0,RM018,Night,0
B089,M06,92.45,4.97,1179.0,RM018,Night,0
B089,M06,107.8,4.25,1219.0,RM018,Night,0
B089,M06,89.12,4.73,1029.0,RM018,Night,0
B089,M06,80.36,4.18,1291.0,RM018,Night,0
B089,M06,86.96,4.33,1259.0,RM018,Night,0
B089,M06,84.78,4.97,1212.0,RM018,Night,0
B089,M06,86.48,4.7,1038.0,RM018,Night,0
B089,M06,91.35,4.55,1231.0,RM018,Night,0
B089,M06,93.26,5.13,1136.0,RM018,Night,0
B089,M06,79.34,4.48,1362.0,RM018,Night,0
B089,M06,76.51,4.89,1209.0,RM018,Night,1
B089,M06,74.3,5.14,1266.0,RM018,Night,0
B089,M06,85.02,5.82,888.0,RM018,Night,0
B089,M06,,4.41,1115.0,RM018,Night,0
B089,M06,79.68,5.01,1326.0,RM018,Night,0
B089,M06,77.04,5.6,1397.0,RM018,Night,0
B089,M06,81.23,4.71,1428.0,RM018,Night,0
B089,M06,89.35,5.62,1073.0,RM018,Night,0
B089,M06,100.2,5.22,1162.0,RM018,Night,0
B089,M06,97.79,4.91,1284.0,RM018,Night,0
B089,M06,71.26,5.39,1349.0,RM018,Night,0
B089,M06,87.56,4.68,1263.0,RM018,Night,1
B089,M06,87.63,5.46,1412.0,RM018,Night,0
B089,M06,68.98,4.64,1290.0,RM018,Night,0
B089,M06,76.74,4.82,1150.0,RM018,Night,0
B089,M06,91.55,5.22,1181.0,RM018,Night,0
B089,M06,70.27,4.87,1181.0,RM018,Night,0
B089,M06,82.55,4.84,1074.0,RM018,Night,0
B089,M06,100.93,4.82,1078.0,RM018,Night,0
B089,M06,79.94,4.58,1070.0,RM018,Night,0
B089,M06,90.5,4.75,1120.0,RM018,Night,0
B089,M06,86.73,6.14,1065.0,RM018,Night,1
B089,M06,97.25,6.1,1249.0,RM018,Night,1
B089,M06,86.72,4.76,1184.0,RM018,Night,0
B089,M06,72.29,5.92,1304.0,RM018,Night,0
B089,M06,93.29,5.51,1232.0,RM018,Night,0
B090,M06,,4.23,1109.0,RM004,Evening,1
B090,M06,88.22,4.95,1329.0,RM004,Evening,0
B090,M06,87.2,5.25,1488.0,RM004,Evening,0
B090,M06,98.87,5.44,1008.0,RM004,Evening,1
B090,M06,83.79,5.23,1320.0,RM004,Evening,0
B090,M06,88.44,5.57,1255.0,RM004,Evening,0
B090,M06,90.78,4.37,1287.0,RM004,Evening,0
B090,M06,87.94,5.38,1331.0,RM004,Evening,0
B090,M06,97.53,5.67,1080.0,RM004,Evening,0
B090,M06,71.73,4.96,1202.0,RM004,Evening,1
B090,M06,89.98,3.99,1046.0,RM004,Evening,0
B090,M06,91.65,3.99,,RM004,Evening,0
B090,M06,83.14,4.36,1188.0,RM004,Evening,0
B090,M06,71.36,4.74,1215.0,RM004,Evening,0
B090,M06,81.09,4.72,1332.0,RM004,Evening,0
B090,M06,74.14,3.38,1041.0,RM004,Evening,0
B090,M06,89.97,5.7,1314.0,RM004,Evening,0
B090,M06,91.56,4.33,1183.0,RM004,Evening,0
B090,M06,83.42,5.49,1104.0,RM004,Evening,0
B090,M06,95.57,4.49,1022.0,RM004,Evening,0
B090,M06,93.31,4.99,1400.0,RM004,Evening,1
B090,M06,83.42,4.1,1218.0,RM004,Evening,0
B090,M06,85.33,,1073.0,RM004,Evening,1
B090,M06,79.26,5.22,1262.0,RM004,Evening,0
B090,M06,93.04,5.6,1245.0,RM004,Evening,0
B090,M06,84.57,4.87,1211.0,RM004,Evening,0
B090,M06,79.59,5.05,1088.0,RM004,Evening,0
B090,M06,86.25,4.75,1197.0,RM004,Evening,1
B090,M06,96.79,4.96,1348.0,RM004,Evening,0
B090,M06,73.51,4.21,1328.0,RM004,Evening,0
B090,M06,76.81,4.63,1140.0,RM004,Evening,0
B090,M06,,5.35,1254.0,RM004,Evening,0
B090,M06,85.95,,1195.0,RM004,Evening,0
B090,M06,84.3,3.79,984.0,RM004,Evening,0
B090,M06,79.89,4.71,1106.0,RM004,Evening,1
B090,M06,70.18,4.7,1255.0,RM004,Evening,0
B090,M06,91.45,5.07,1239.0,RM004,Evening,0
B090,M06,89.69,5.03,1316.0,RM004,Evening,0
B090,M06,90.45,4.74,1290.0,RM004,Evening,0
B090,M06,103.01,,926.0,RM004,Evening,1
B090,M06,92.86,4.84,998.0,RM004,Evening,0
B090,M06,96.37,5.17,1205.0,RM004,Evening,0
B090,M06,90.82,5.45,1215.0,RM004,Evening,0
B090,M06,83.34,5.62,1142.0,RM004,Evening,0
B090,M06,85.82,4.68,1180.0,RM004,Evening,0
B090,M06,,5.01,1157.0,RM004,Evening,0
B090,M06,82.97,4.79,1117.0,RM004,Evening,0
B090,M06,86.05,4.43,1223.0,RM004,Evening,0
B090,M06,96.47,4.13,1145.0,RM004,Evening,0
B090,M06,102.92,4.64,1005.0,RM004,Evening,0
B091,M02,95.59,5.17,1132.0,RM011,Night,0
B091,M02,93.91,4.84,1005.0,RM011,Night,1
B091,M02,83.3,4.11,1291.0,RM011,Night,0
B091,M02,89.46,4.46,1240.0,RM011,Night,0
B091,M02,80.83,5.14,1253.0,RM011,Night,0
B091,M02,88.42,4.79,1072.0,RM011,Night,0
B091,M02,91.06,4.22,1110.0,RM011,Night,0
B091,M02,77.73,5.13,1447.0,RM011,Night,0
B091,M02,85.13,4.84,1277.0,RM011,Night,0
B091,M02,88.88,4.1,1104.0,RM011,Night,0
B091,M02,88.22,5.48,1029.0,RM011,Night,0
B091,M02,74.94,4.99,1322.0,RM011,Night,1
B091,M02,92.05,4.89,1066.0,RM011,Night,0
B091,M02,82.39,5.31,1095.0,RM011,Night,0
B091,M02,94.73,4.5,1120.0,RM011,Night,0
B091,M02,98.97,6.03,1124.0,RM011,Night,0
B091,M02,96.71,5.5,1042.0,RM011,Night,0
B091,M02,80.5,,1216.0,RM011,Night,0
B091,M02,72.91,3.84,1277.0,RM011,Night,0
B091,M02,94.34,5.25,1235.0,RM011,Night,0
B091,M02,80.69,4.79,1406.0,RM011,Night,0
B091,M02,76.99,4.93,1029.0,RM011,Night,0
B091,M02,84.39,4.93,1173.0,RM011,Night,0
B091,M02,80.63,5.12,1494.0,RM011,Night,0
B091,M02,79.29,4.95,1264.0,RM011,Night,1
B091,M02,88.91,5.01,1215.0,RM011,Night,0
B091,M02,88.98,4.94,1198.0,RM011,Night,1
B091,M02,91.93,5.32,1016.0,RM011,Night,0
B091,M02,86.58,5.36,1187.0,RM011,Night,0
B091,M02,82.91,4.01,1257.0,RM011,Night,0
B091,M02,76.48,5.62,1200.0,RM011,Night,0
B091,M02,74.37,5.67,1411.0,RM011,Night,1
B091,M02,76.52,4.79,1236.0,RM011,Night,0
B091,M02,94.42,4.95,1301.0,RM011,Night,0
B091,M02,85.23,5.49,1139.0,RM011,Night,0
B091,M02,88.81,4.59,1024.0,RM011,Night,0
B091,M02,83.38,5.14,1158.0,RM011,Night,1
B091,M02,103.13,5.37,1266.0,RM011,Night,1
B091,M02,85.68,4.98,1087.0,RM011,Night,0
B091,M02,100.48,4.58,1120.0,RM011,Night,0
B091,M02,92.0,4.64,1326.0,RM011,Night,0
B091,M02,80.53,5.09,1227.0,RM011,Night,1
B091,M02,80.85,4.48,1143.0,RM011,Night,0
B091,M02,95.18,4.74,,RM011,Night,0
B091,M02,90.3,4.81,1203.0,RM011,Night,0
B091,M02,85.42,4.26,1378.0,RM011,Night,0
B091,M02,85.82,4.63,1343.0,RM011,Night,0
B091,M02,84.09,5.4,1260.0,RM011,Night,0
B091,M02,86.26,4.41,1084.0,RM011,Night,0
B091,M02,90.16,4.92,1158.0,RM011,Night,1
B092,M02,78.84,4.84,1396.0,RM012,Night,0
B092,M02,,,1134.0,RM012,Night,0
B092,M02,74.48,4.36,1046.0,RM012,Night,1
B092,M02,89.05,5.59,1249.0,RM012,Night,0
B092,M02,77.54,5.02,979.0,RM012,Night,1
B092,M02,89.1,4.56,1423.0,RM012,Night,0
B092,M02,87.95,4.5,,RM012,Night,0
B092,M02,85.05,4.4,1207.0,RM012,Night,0
B092,M02,82.68,5.41,1093.0,RM012,Night,0
B092,M02,90.12,4.6,1273.0,RM012,Night,0
B092,M02,69.86,,1127.0,RM012,Night,1
B092,M02,87.49,6.06,,RM012,Night,0
B092,M02,82.44,5.12,1267.0,RM012,Night,1
B092,M02,73.66,5.09,1323.0,RM012,Night,0
B092,M02,88.11,4.54,689.0,RM012,Night,0
B092,M02,93.85,4.83,1149.0,RM012,Night,0
B092,M02,82.44,4.73,1122.0,RM012,Night,0
B092,M02,67.45,5.27,1142.0,RM012,Night,0
B092,M02,,5.02,1009.0,RM012,Night,1
B092,M02,80.77,4.68,1170.0,RM012,Night,0
B092,M02,83.82,5.28,1301.0,RM012,Night,0
B092,M02,82.93,5.61,1254.0,RM012,Night,0
B092,M02,,4.88,1059.0,RM012,Night,0
B092,M02,98.22,5.47,1188.0,RM012,Night,0
B092,M02,86.82,5.21,1259.0,RM012,Night,0
B092,M02,89.65,4.54,968.0,RM012,Night,0
B092,M02,81.91,5.84,1211.0,RM012,Night,0
B092,M02,93.65,5.37,1021.0,RM012,Night,0
B092,M02,91.29,5.2,1218.0,RM012,Night,1
B092,M02,75.31,4.18,1344.0,RM012,Night,0
B092,M02,76.57,4.51,1195.0,RM012,Night,0
B092,M02,75.66,5.59,1228.0,RM012,Night,0
B092,M02,101.58,5.86,1101.0,RM012,Night,1
B092,M02,91.84,4.41,1354.0,RM012,Night,0
B092,M02,66.1,5.37,1100.0,RM012,Night,0
B092,M02,82.02,4.78,1074.0,RM012,Night,1
B092,M02,77.45,4.94,1171.0,RM012,Night,0
B092,M02,84.02,4.85,1196.0,RM012,Night,1
B092,M02,75.79,3.49,1410.0,RM012,Night,0
B092,M02,81.62,5.41,1223.0,RM012,Night,1
B092,M02,76.76,5.17,1259.0,RM012,Night,0
B092,M02,75.28,4.87,1120.0,RM012,Night,1
B092,M02,82.52,5.23,1212.0,RM012,Night,0
B092,M02,78.65,5.13,1261.0,RM012,Night,0
B092,M02,95.95,3.96,1069.0,RM012,Night,0
B092,M02,78.71,5.32,1309.0,RM012,Night,0
B092,M02,95.78,5.49,1372.0,RM012,Night,1
B092,M02,95.49,4.6,977.0,RM012,Night,0
B092,M02,,5.1,1136.0,RM012,Night,0
B092,M02,86.51,5.16,1178.0,RM012,Night,1
B093,M06,79.19,4.81,1403.0,RM020,Night,0
B093,M06,92.89,5.26,1016.0,RM020,Night,0
B093,M06,99.99,5.18,1145.0,RM020,Night,0
B093,M06,87.44,5.5,1141.0,RM020,Night,0
B093,M06,89.15,5.01,1257.0,RM020,Night,0
B093,M06,89.14,5.51,1323.0,RM020,Night,0
B093,M06,77.39,4.86,1040.0,RM020,Night,0
B093,M06,93.55,5.29,1191.0,RM020,Night,0
B093,M06,73.34,4.54,1071.0,RM020,Night,0
B093,M06,87.96,5.47,1344.0,RM020,Night,0
B093,M06,84.42,4.98,1055.0,RM020,Night,0
B093,M06,84.86,5.9,1483.0,RM020,Night,0
B093,M06,84.45,5.54,1236.0,RM020,Night,0
B093,M06,87.06,5.53,1030.0,RM020,Night,0
B093,M06,77.96,5.41,1248.0,RM020,Night,0
B093,M06,80.28,5.31,963.0,RM020,Night,0
B093,M06,78.41,4.45,1168.0,RM020,Night,0
B093,M06,85.53,5.38,1042.0,RM020,Night,0
B093,M06,68.24,5.45,1137.0,RM020,Night,0
B093,M06,84.39,5.29,1167.0,RM020,Night,0
B093,M06,84.77,,1202.0,RM020,Night,0
B093,M06,83.67,4.99,1217.0,RM020,Night,0
B093,M06,93.24,4.04,1219.0,RM020,Night,0
B093,M06,92.54,3.74,1196.0,RM020,Night,0
B093,M06,93.67,5.58,1354.0,RM020,Night,0
B093,M06,82.23,4.01,1189.0,RM020,Night,0
B093,M06,78.77,4.11,1304.0,RM020,Night,0
B093,M06,87.16,4.69,970.0,RM020,Night,0
B093,M06,80.99,5.2,1093.0,RM020,Night,0
B093,M06,92.62,4.71,962.0,RM020,Night,0
B093,M06,94.82,4.88,1144.0,RM020,Night,0
B093,M06,,4.42,1464.0,RM020,Night,0
B093,M06,75.35,5.84,1416.0,RM020,Night,0
B093,M06,88.27,5.04,1318.0,RM020,Night,0
B093,M06,87.9,5.21,992.0,RM020,Night,0
B093,M06,87.38,4.61,1134.0,RM020,Night,0
B093,M06,88.1,4.13,1105.0,RM020,Night,0
B093,M06,105.57,5.8,1108.0,RM020,Night,0
B093,M06,106.89,5.34,1342.0,RM020,Night,0
B093,M06,95.32,4.46,1284.0,RM020,Night,0
B093,M06,77.86,5.08,1090.0,RM020,Night,0
B093,M06,71.83,5.59,1146.0,RM020,Night,0
B093,M06,86.95,6.74,1158.0,RM020,Night,0
B093,M06,100.56,5.17,1168.0,RM020,Night,0
B093,M06,99.61,4.89,1126.0,RM020,Night,1
B093,M06,82.32,4.37,1308.0,RM020,Night,0
B093,M06,88.56,5.99,1161.0,RM020,Night,0
B093,M06,86.07,5.26,1200.0,RM020,Night,0
B093,M06,88.8,5.16,1247.0,RM020,Night,0
B093,M06,93.43,4.85,1210.0,RM020,Night,0
B094,M01,74.76,6.02,1262.0,RM003,Morning,0
B094,M01,86.73,3.68,1375.0,RM003,Morning,0
B094,M01,87.4,4.59,1127.0,RM003,Morning,0
B094,M01,92.05,5.24,1220.0,RM003,Morning,0
B094,M01,89.34,5.39,1354.0,RM003,Morning,0
B094,M01,74.44,4.59,1250.0,RM003,Morning,0
B094,M01,84.81,4.64,,RM003,Morning,0
B094,M01,77.88,4.93,,RM003,Morning,0
B094,M01,,5.48,1295.0,RM003,Morning,0
B094,M01,85.43,5.08,1026.0,RM003,Morning,0
B094,M01,84.38,5.07,1147.0,RM003,Morning,0
B094,M01,84.42,3.95,1241.0,RM003,Morning,0
B094,M01,89.2,4.89,1338.0,RM003,Morning,0
B094,M01,86.16,,1317.0,RM003,Morning,0
B094,M01,97.13,5.61,1055.0,RM003,Morning,1
B094,M01,94.5,4.96,,RM003,Morning,0
B094,M01,79.3,4.77,1323.0,RM003,Morning,0
B094,M01,87.72,6.14,1297.0,RM003,Morning,0
B094,M01,83.15,5.68,1041.0,RM003,Morning,1
B094,M01,76.3,4.92,1027.0,RM003,Morning,0
B094,M01,95.98,5.61,1201.0,RM003,Morning,1
B094,M01,89.7,4.51,1236.0,RM003,Morning,1
B094,M01,92.23,5.74,1150.0,RM003,Morning,0
B094,M01,86.74,4.6,1335.0,RM003,Morning,0
B094,M01,94.4,4.29,1210.0,RM003,Morning,0
B094,M01,97.23,4.73,1196.0,RM003,Morning,1
B094,M01,110.35,4.86,1328.0,RM003,Morning,1
B094,M01,75.34,5.56,1360.0,RM003,Morning,0
B094,M01,87.7,5.67,1230.0,RM003,Morning,0
B094,M01,81.11,4.85,1431.0,RM003,Morning,1
B094,M01,96.64,5.25,1250.0,RM003,Morning,0
B094,M01,90.8,5.42,1219.0,RM003,Morning,0
B094,M01,105.03,5.3,1042.0,RM003,Morning,0
B094,M01,107.92,5.09,1250.0,RM003,Morning,0
B094,M01,87.46,5.69,1256.0,RM003,Morning,0
B094,M01,94.48,5.4,790.0,RM003,Morning,1
B094,M01,101.58,5.25,1287.0,RM003,Morning,0
B094,M01,84.1,4.87,1215.0,RM003,Morning,0
B094,M01,93.49,,1210.0,RM003,Morning,0
B094,M01,107.78,,1234.0,RM003,Morning,0
B094,M01,90.05,4.21,1160.0,RM003,Morning,1
B094,M01,96.96,4.71,1146.0,RM003,Morning,1
B094,M01,75.79,5.19,828.0,RM003,Morning,0
B094,M01,97.49,4.69,1461.0,RM003,Morning,0
B094,M01,74.99,4.32,1266.0,RM003,Morning,0
B094,M01,91.17,4.92,1308.0,RM003,Morning,0
B094,M01,97.06,5.01,1297.0,RM003,Morning,0
B094,M01,89.71,4.87,1011.0,RM003,Morning,0
B094,M01,79.28,4.96,1262.0,RM003,Morning,1
B094,M01,100.99,5.1,1304.0,RM003,Morning,1
B095,M03,79.98,5.84,1125.0,RM013,Evening,0
B095,M03,82.0,4.69,1279.0,RM013,Evening,0
B095,M03,90.0,5.43,1027.0,RM013,Evening,0
B095,M03,64.1,4.67,1232.0,RM013,Evening,0
B095,M03,76.84,4.41,1111.0,RM013,Evening,0
B095,M03,76.93,4.65,1132.0,RM013,Evening,0
B095,M03,93.95,5.35,1222.0,RM013,Evening,0
B095,M03,85.39,5.23,1206.0,RM013,Evening,0
B095,M03,82.08,5.51,1145.0,RM013,Evening,0
B095,M03,90.89,5.0,1190.0,RM013,Evening,0
B095,M03,72.34,4.63,1153.0,RM013,Evening,0
B095,M03,87.9,4.12,1160.0,RM013,Evening,0
B095,M03,88.15,5.24,1128.0,RM013,Evening,0
B095,M03,89.08,4.73,1392.0,RM013,Evening,0
B095,M03,,5.25,,RM013,Evening,0
B095,M03,85.9,,1110.0,RM013,Evening,0
B095,M03,81.86,5.92,1275.0,RM013,Evening,0
B095,M03,86.81,5.27,1204.0,RM013,Evening,0
B095,M03,93.2,4.4,1385.0,RM013,Evening,0
B095,M03,92.51,5.57,1170.0,RM013,Evening,1
B095,M03,75.24,5.56,1392.0,RM013,Evening,0
B095,M03,88.2,5.9,1239.0,RM013,Evening,0
B095,M03,81.27,4.71,1187.0,RM013,Evening,0
B095,M03,92.37,4.96,1234.0,RM013,Evening,1
B095,M03,90.12,5.27,1058.0,RM013,Evening,0
B095,M03,86.61,5.3,1428.0,RM013,Evening,1
B095,M03,90.81,4.61,1175.0,RM013,Evening,0
B095,M03,84.25,3.92,1048.0,RM013,Evening,1
B095,M03,79.25,5.0,1311.0,RM013,Evening,0
B095,M03,85.45,5.48,1192.0,RM013,Evening,1
B095,M03,80.73,4.27,1045.0,RM013,Evening,0
B095,M03,72.4,4.51,1231.0,RM013,Evening,0
B095,M03,76.16,5.06,1190.0,RM013,Evening,0
B095,M03,74.45,4.65,1301.0,RM013,Evening,0
B095,M03,81.06,4.37,1255.0,RM013,Evening,0
B095,M03,80.6,5.21,1251.0,RM013,Evening,1
B095,M03,92.72,5.48,1300.0,RM013,Evening,0
B095,M03,90.09,5.4,1137.0,RM013,Evening,1
B095,M03,80.78,5.02,1188.0,RM013,Evening,0
B095,M03,,4.72,1285.0,RM013,Evening,0
B095,M03,88.5,4.84,1160.0,RM013,Evening,0
B095,M03,83.91,4.74,1019.0,RM013,Evening,1
B095,M03,91.98,4.93,1381.0,RM013,Evening,0
B095,M03,,5.79,1363.0,RM013,Evening,0
B095,M03,89.76,5.27,1006.0,RM013,Evening,1
B095,M03,72.86,4.47,1158.0,RM013,Evening,1
B095,M03,89.26,4.53,1177.0,RM013,Evening,0
B095,M03,79.44,4.23,1005.0,RM013,Evening,0
B095,M03,94.33,4.81,1323.0,RM013,Evening,0
B095,M03,75.07,5.21,1168.0,RM013,Evening,0
B096,M04,80.39,4.05,1279.0,RM006,Morning,0
B096,M04,83.73,5.41,1187.0,RM006,Morning,0
B096,M04,97.08,5.61,1299.0,RM006,Morning,0
B096,M04,98.59,4.77,1229.0,RM006,Morning,0
B096,M04,83.3,5.04,1037.0,RM006,Morning,0
B096,M04,88.63,5.79,1235.0,RM006,Morning,0
B096,M04,85.81,5.12,1206.0,RM006,Morning,0
B096,M04,85.42,5.92,1071.0,RM006,Morning,0
B096,M04,66.31,4.28,1390.0,RM006,Morning,0
B096,M04,82.53,5.82,1452.0,RM006,Morning,0
B096,M04,85.81,4.66,,RM006,Morning,0
B096,M04,93.02,4.76,1122.0,RM006,Morning,0
B096,M04,79.0,4.27,1207.0,RM006,Morning,0
B096,M04,78.05,5.72,1288.0,RM006,Morning,0
B096,M04,92.27,5.52,1186.0,RM006,Morning,0
B096,M04,77.19,5.21,1267.0,RM006,Morning,0
B096,M04,74.01,4.45,1070.0,RM006,Morning,0
B096,M04,96.7,5.21,1335.0,RM006,Morning,1
B096,M04,77.85,5.71,1236.0,RM006,Morning,0
B096,M04,93.15,4.71,1220.0,RM006,Morning,0
B096,M04,89.73,4.29,939.0,RM006,Morning,0
B096,M04,75.27,5.77,1132.0,RM006,Morning,0
B096,M04,71.31,4.37,1334.0,RM006,Morning,0
B096,M04,97.22,5.0,1118.0,RM006,Morning,0
B096,M04,80.76,5.54,1395.0,RM006,Morning,0
B096,M04,81.09,5.09,1244.0,RM006,Morning,0
B096,M04,78.76,4.73,1083.0,RM006,Morning,1
B096,M04,79.35,5.69,1184.0,RM006,Morning,0
B096,M04,95.17,4.92,1173.0,RM006,Morning,0
B096,M04,85.18,5.27,1251.0,RM006,Morning,0
B096,M04,97.7,5.08,1156.0,RM006,Morning,0
B096,M04,83.02,5.31,1080.0,RM006,Morning,0
B096,M04,90.98,4.61,1262.0,RM006,Morning,0
B096,M04,87.17,5.49,1273.0,RM006,Morning,1
B096,M04,84.22,5.27,1161.0,RM006,Morning,0
B096,M04,77.72,4.46,1216.0,RM006,Morning,0
B096,M04,95.52,4.81,1253.0,RM006,Morning,0
B096,M04,89.74,5.45,1242.0,RM006,Morning,0
B096,M04,86.89,5.06,1389.0,RM006,Morning,0
B096,M04,93.66,4.35,1060.0,RM006,Morning,0
B096,M04,78.71,5.33,1217.0,RM006,Morning,0
B096,M04,72.09,4.61,1435.0,RM006,Morning,1
B096,M04,92.07,5.31,1119.0,RM006,Morning,1
B096,M04,89.81,5.54,1018.0,RM006,Morning,0
B096,M04,93.44,5.27,1453.0,RM006,Morning,0
B096,M04,95.87,5.05,1069.0,RM006,Morning,0
B096,M04,75.64,5.38,,RM006,Morning,0
B096,M04,95.95,,1048.0,RM006,Morning,0
B096,M04,84.15,4.65,1238.0,RM006,Morning,0
B096,M04,76.61,4.93,1146.0,RM006,Morning,0
B097,M01,85.85,5.13,1266.0,RM002,Morning,0
B097,M01,78.25,4.85,1245.0,RM002,Morning,1
B097,M01,79.84,4.39,1273.0,RM002,Morning,0
B097,M01,90.88,4.85,1077.0,RM002,Morning,0
B097,M01,84.54,4.79,1329.0,RM002,Morning,0
B097,M01,79.16,5.06,1138.0,RM002,Morning,1
B097,M01,77.87,4.26,1205.0,RM002,Morning,0
B097,M01,,5.59,1178.0,RM002,Morning,1
B097,M01,98.4,5.07,1255.0,RM002,Morning,0
B097,M01,90.22,4.98,1328.0,RM002,Morning,0
B097,M01,98.26,4.74,1577.0,RM002,Morning,0
B097,M01,108.56,4.54,1162.0,RM002,Morning,0
B097,M01,109.51,4.74,870.0,RM002,Morning,0
B097,M01,83.93,4.49,1275.0,RM002,Morning,0
B097,M01,78.96,,1300.0,RM002,Morning,0
B097,M01,95.09,4.99,1073.0,RM002,Morning,1
B097,M01,81.99,5.29,1219.0,RM002,Morning,0
B097,M01,90.16,4.57,1061.0,RM002,Morning,0
B097,M01,83.87,4.53,1058.0,RM002,Morning,0
B097,M01,98.15,4.83,1377.0,RM002,Morning,0
B097,M01,91.14,5.51,,RM002,Morning,0
B097,M01,78.66,6.86,1009.0,RM002,Morning,0
B097,M01,93.54,4.72,,RM002,Morning,0
B097,M01,105.25,4.37,1182.0,RM002,Morning,0
B097,M01,69.84,4.9,1186.0,RM002,Morning,0
B097,M01,92.55,4.9,1455.0,RM002,Morning,0
B097,M01,80.92,5.24,1434.0,RM002,Morning,1
B097,M01,97.21,5.74,1383.0,RM002,Morning,0
B097,M01,93.81,4.33,1089.0,RM002,Morning,0
B097,M01,92.3,4.61,972.0,RM002,Morning,0
B097,M01,94.36,5.17,1265.0,RM002,Morning,0
B097,M01,92.45,4.5,1232.0,RM002,Morning,1
B097,M01,90.14,4.85,1306.0,RM002,Morning,1
B097,M01,89.53,4.6,943.0,RM002,Morning,0
B097,M01,95.0,5.77,1189.0,RM002,Morning,0
B097,M01,99.92,5.92,1147.0,RM002,Morning,0
B097,M01,84.82,5.14,1074.0,RM002,Morning,0
B097,M01,72.78,5.0,1244.0,RM002,Morning,0
B097,M01,94.6,4.48,1136.0,RM002,Morning,1
B097,M01,90.72,4.6,1018.0,RM002,Morning,0
B097,M01,80.33,5.44,1258.0,RM002,Morning,0
B097,M01,79.69,5.07,1089.0,RM002,Morning,1
B097,M01,76.95,5.03,1342.0,RM002,Morning,0
B097,M01,93.44,4.78,1246.0,RM002,Morning,0
B097,M01,80.23,4.38,1150.0,RM002,Morning,1
B097,M01,106.7,4.73,1229.0,RM002,Morning,0
B097,M01,95.56,4.88,1350.0,RM002,Morning,0
B097,M01,85.87,5.51,1396.0,RM002,Morning,0
B097,M01,86.59,4.81,1173.0,RM002,Morning,1
B097,M01,82.81,5.33,1400.0,RM002,Morning,1
B098,M02,86.86,4.95,1118.0,RM001,Evening,0
B098,M02,83.38,5.51,1327.0,RM001,Evening,1
B098,M02,88.43,4.81,1226.0,RM001,Evening,1
B098,M02,86.13,4.51,1251.0,RM001,Evening,0
B098,M02,84.95,4.31,,RM001,Evening,1
B098,M02,83.33,4.14,1211.0,RM001,Evening,0
B098,M02,89.67,4.85,1018.0,RM001,Evening,0
B098,M02,,5.02,1107.0,RM001,Evening,1
B098,M02,76.28,4.46,1120.0,RM001,Evening,0
B098,M02,94.34,5.97,1149.0,RM001,Evening,0
B098,M02,72.32,4.98,1254.0,RM001,Evening,0
B098,M02,95.74,4.89,1083.0,RM001,Evening,1
B098,M02,81.29,4.03,1215.0,RM001,Evening,1
B098,M02,71.66,5.12,1154.0,RM001,Evening,0
B098,M02,80.27,5.02,1220.0,RM001,Evening,0
B098,M02,85.37,4.95,1172.0,RM001,Evening,0
B098,M02,77.89,4.96,1177.0,RM001,Evening,0
B098,M02,80.63,5.69,1219.0,RM001,Evening,1
B098,M02,83.01,4.71,1152.0,RM001,Evening,0
B098,M02,98.29,5.08,,RM001,Evening,1
B098,M02,117.7,5.58,1230.0,RM001,Evening,1
B098,M02,83.76,,1258.0,RM001,Evening,0
B098,M02,84.59,4.78,1115.0,RM001,Evening,0
B098,M02,82.4,4.79,1094.0,RM001,Evening,1
B098,M02,84.64,4.91,1245.0,RM001,Evening,0
B098,M02,94.79,4.95,1021.0,RM001,Evening,1
B098,M02,81.57,4.9,1119.0,RM001,Evening,1
B098,M02,88.37,4.88,1273.0,RM001,Evening,1
B098,M02,78.49,5.25,1204.0,RM001,Evening,0
B098,M02,86.03,5.81,999.0,RM001,Evening,0
B098,M02,71.27,4.78,1041.0,RM001,Evening,1
B098,M02,81.6,4.95,1282.0,RM001,Evening,0
B098,M02,91.56,5.09,1369.0,RM001,Evening,1
B098,M02,85.0,3.96,1186.0,RM001,Evening,1
B098,M02,66.02,5.05,1213.0,RM001,Evening,0
B098,M02,85.76,5.88,1067.0,RM001,Evening,0
B098,M02,84.44,5.46,,RM001,Evening,0
B098,M02,82.43,4.4,1281.0,RM001,Evening,0
B098,M02,84.44,4.88,1152.0,RM001,Evening,1
B098,M02,78.39,5.72,1485.0,RM001,Evening,0
B098,M02,74.2,5.21,,RM001,Evening,1
B098,M02,80.1,4.99,1102.0,RM001,Evening,1
B098,M02,82.35,5.2,1309.0,RM001,Evening,0
B098,M02,,4.57,1362.0,RM001,Evening,1
B098,M02,73.5,5.13,1198.0,RM001,Evening,0
B098,M02,83.85,4.87,1186.0,RM001,Evening,0
B098,M02,83.25,5.88,1130.0,RM001,Evening,1
B098,M02,87.48,6.17,1177.0,RM001,Evening,1
B098,M02,91.66,5.39,,RM001,Evening,0
B098,M02,92.82,5.1,1139.0,RM001,Evening,0
B099,M04,82.79,5.12,1007.0,RM012,Evening,1
B099,M04,77.18,5.22,941.0,RM012,Evening,0
B099,M04,79.72,4.9,1348.0,RM012,Evening,0
B099,M04,83.97,4.51,1020.0,RM012,Evening,0
B099,M04,86.68,4.34,1209.0,RM012,Evening,0
B099,M04,86.87,4.96,1213.0,RM012,Evening,1
B099,M04,88.18,4.82,1221.0,RM012,Evening,0
B099,M04,75.5,5.69,1432.0,RM012,Evening,1
B099,M04,67.73,5.76,1199.0,RM012,Evening,0
B099,M04,80.75,5.16,1355.0,RM012,Evening,0
B099,M04,67.6,4.96,1204.0,RM012,Evening,1
B099,M04,84.86,5.64,1201.0,RM012,Evening,0
B099,M04,93.75,5.19,1284.0,RM012,Evening,0
B099,M04,88.74,4.61,1269.0,RM012,Evening,0
B099,M04,81.98,5.18,1232.0,RM012,Evening,0
B099,M04,81.69,4.44,1195.0,RM012,Evening,0
B099,M04,76.75,5.13,1341.0,RM012,Evening,0
B099,M04,89.06,4.78,1030.0,RM012,Evening,0
B099,M04,72.95,3.97,978.0,RM012,Evening,0
B099,M04,92.9,5.44,1161.0,RM012,Evening,0
B099,M04,73.03,5.06,1021.0,RM012,Evening,1
B099,M04,93.83,5.1,1097.0,RM012,Evening,0
B099,M04,86.29,,1231.0,RM012,Evening,0
B099,M04,89.1,4.75,1222.0,RM012,Evening,0
B099,M04,99.42,4.57,1153.0,RM012,Evening,1
B099,M04,85.66,5.0,1097.0,RM012,Evening,0
B099,M04,98.7,4.74,1141.0,RM012,Evening,0
B099,M04,82.43,4.99,1279.0,RM012,Evening,0
B099,M04,76.17,4.61,1060.0,RM012,Evening,0
B099,M04,75.6,5.55,1392.0,RM012,Evening,0
B099,M04,82.97,4.31,1330.0,RM012,Evening,0
B099,M04,92.59,4.68,1348.0,RM012,Evening,0
B099,M04,87.17,5.29,1211.0,RM012,Evening,0
B099,M04,73.51,5.55,1091.0,RM012,Evening,0
B099,M04,75.06,5.22,1366.0,RM012,Evening,0
B099,M04,69.26,4.38,1002.0,RM012,Evening,0
B099,M04,80.49,4.34,1388.0,RM012,Evening,0
B099,M04,83.81,5.17,1281.0,RM012,Evening,0
B099,M04,93.19,6.2,1327.0,RM012,Evening,0
B099,M04,71.52,5.3,890.0,RM012,Evening,0
B099,M04,84.88,5.11,1192.0,RM012,Evening,0
B099,M04,91.47,4.96,993.0,RM012,Evening,0
B099,M04,77.81,5.71,1034.0,RM012,Evening,0
B099,M04,95.2,4.93,1270.0,RM012,Evening,0
B099,M04,90.17,6.03,1070.0,RM012,Evening,0
B099,M04,91.4,5.4,1033.0,RM012,Evening,0
B099,M04,82.79,5.22,1096.0,RM012,Evening,0
B099,M04,86.54,5.0,1046.0,RM012,Evening,0
B099,M04,96.78,4.3,1157.0,RM012,Evening,0
B099,M04,101.14,4.66,1267.0,RM012,Evening,0
B100,M03,98.91,4.83,1159.0,RM012,Evening,0
B100,M03,84.59,5.14,1468.0,RM012,Evening,0
B100,M03,75.11,5.17,,RM012,Evening,0
B100,M03,,5.1,1000.0,RM012,Evening,0
B100,M03,87.19,4.37,1216.0,RM012,Evening,0
B100,M03,75.51,4.47,1139.0,RM012,Evening,1
B100,M03,84.91,5.69,982.0,RM012,Evening,0
B100,M03,90.87,5.79,1035.0,RM012,Evening,0
B100,M03,91.41,5.35,1150.0,RM012,Evening,0
B100,M03,87.44,4.69,1219.0,RM012,Evening,0
B100,M03,95.79,5.49,1383.0,RM012,Evening,1
B100,M03,85.89,4.8,1135.0,RM012,Evening,0
B100,M03,,4.65,1081.0,RM012,Evening,1
B100,M03,84.76,5.59,1059.0,RM012,Evening,0
B100,M03,88.67,5.8,1185.0,RM012,Evening,0
B100,M03,83.34,4.29,1255.0,RM012,Evening,0
B100,M03,80.18,4.8,1301.0,RM012,Evening,1
B100,M03,89.66,4.02,919.0,RM012,Evening,0
B100,M03,76.9,4.17,1167.0,RM012,Evening,0
B100,M03,85.37,5.53,1280.0,RM012,Evening,0
B100,M03,85.18,4.4,1150.0,RM012,Evening,0
B100,M03,85.2,4.57,1192.0,RM012,Evening,0
B100,M03,74.85,5.04,1336.0,RM012,Evening,0
B100,M03,90.63,4.69,1142.0,RM012,Evening,0
B100,M03,81.89,4.29,1370.0,RM012,Evening,0
B100,M03,88.31,5.51,1064.0,RM012,Evening,0
B100,M03,88.91,3.95,1358.0,RM012,Evening,0
B100,M03,101.16,4.61,1216.0,RM012,Evening,1
B100,M03,81.94,4.4,1209.0,RM012,Evening,0
B100,M03,80.9,5.42,1160.0,RM012,Evening,0
B100,M03,68.28,4.22,1226.0,RM012,Evening,0
B100,M03,88.32,4.99,1193.0,RM012,Evening,0
B100,M03,93.3,5.4,1178.0,RM012,Evening,0
B100,M03,79.52,5.43,1205.0,RM012,Evening,0
B100,M03,74.72,5.07,970.0,RM012,Evening,0
B100,M03,89.24,4.92,,RM012,Evening,0
B100,M03,92.0,5.62,1107.0,RM012,Evening,0
B100,M03,84.57,4.19,1150.0,RM012,Evening,0
B100,M03,99.34,5.55,1227.0,RM012,Evening,0
B100,M03,87.65,5.45,1232.0,RM012,Evening,0
B100,M03,84.91,4.65,,RM012,Evening,0
B100,M03,89.05,5.22,1108.0,RM012,Evening,0
B100,M03,82.11,5.52,1256.0,RM012,Evening,0
B100,M03,87.91,5.06,1276.0,RM012,Evening,0
B100,M03,80.23,4.64,931.0,RM012,Evening,0
B100,M03,84.93,5.11,1206.0,RM012,Evening,0
B100,M03,90.45,5.07,1271.0,RM012,Evening,0
B100,M03,91.51,5.19,1034.0,RM012,Evening,0
B100,M03,76.82,3.83,1298.0,RM012,Evening,1
B100,M03,94.57,4.34,1180.0,RM012,Evening,0
